"Name","Team","W","L","ERA","G","GS","CG","ShO","SV","HLD","BS","IP","TBF","H","R","ER","HR","BB","IBB","HBP","WP","BK","SO","playerid"
"Xavier Cedeno","Cubs","0","0","0.00","5","0","0","0","0","0","0","2.0","13","4","0","0","0","3","1","0","0","0","1","36"
"CC Sabathia","Yankees","0","0","0.00","1","0","0","0","0","0","0","1.0","3","0","0","0","0","0","0","0","0","0","2","404"
"Tommy Hunter","Phillies","0","0","0.00","5","0","0","0","0","1","0","5.1","18","2","0","0","0","0","0","0","0","0","5","1157"
"Clayton Kershaw","Dodgers","0","0","0.00","1","0","0","0","0","0","0","1.0","3","0","0","0","0","0","0","0","0","0","1","2036"
"Jhoulys Chacin","Red Sox","0","0","0.00","1","0","0","0","0","0","0","1.0","4","0","0","0","0","1","0","0","0","0","0","2608"
"Charlie Culberson","Braves","0","0","0.00","2","0","0","0","0","0","0","2.0","10","2","0","0","0","2","0","0","1","0","1","3298"
"Edinson Volquez","Rangers","0","0","0.00","7","0","0","0","0","1","0","6.2","23","4","0","0","0","2","0","0","0","0","4","3990"
"Russell Martin","Dodgers","0","0","0.00","4","0","0","0","0","0","0","4.0","13","2","0","0","0","0","0","0","0","0","2","4616"
"Pablo Sandoval","Giants","0","0","0.00","1","0","0","0","0","0","0","1.0","3","0","0","0","0","0","0","1","0","0","0","5409"
"Jesus Sucre","Orioles","0","0","0.00","1","0","0","0","0","0","0","1.0","3","0","0","0","0","0","0","0","0","0","0","5942"
"Ian Kinsler","Padres","0","0","0.00","1","0","0","0","0","0","0","1.0","6","1","0","0","0","2","0","1","0","0","0","6195"
"Dellin Betances","Yankees","0","0","0.00","1","0","0","0","0","0","0","0.2","2","0","0","0","0","0","0","0","0","0","2","6216"
"Sean Rodriguez","Phillies","0","0","0.00","2","0","0","0","0","0","0","1.1","4","0","0","0","0","0","0","0","0","0","1","6589"
"JB Shuck","Pirates","0","0","0.00","1","0","0","0","0","0","0","1.0","5","1","0","0","0","1","0","0","0","0","0","6677"
"Ian Desmond","Rockies","0","0","0.00","1","0","0","0","0","0","0","1.0","4","1","0","0","0","0","0","0","0","0","0","6885"
"Caleb Joseph","Diamondbacks","0","0","0.00","2","0","0","0","0","0","0","1.1","4","0","0","0","0","0","0","0","0","0","0","7087"
"Ben Zobrist","Cubs","0","0","0.00","1","0","0","0","0","0","0","1.0","5","0","0","0","0","2","0","0","0","0","1","7435"
"Gio Gonzalez","Brewers","1","0","0.00","2","0","0","0","0","0","0","6.1","23","3","0","0","0","1","0","0","0","0","7","7448"
"Max Stassi","Astros","0","0","0.00","1","0","0","0","0","0","0","0.1","1","0","0","0","0","0","0","0","0","0","0","10059"
"Aaron Loup","Padres","0","0","0.00","4","0","0","0","0","1","0","3.1","14","2","0","0","0","1","0","1","0","0","5","10343"
"Jedd Gyorko","Cardinals","0","0","0.00","1","0","0","0","0","0","0","0.1","1","0","0","0","0","0","0","0","0","0","1","10816"
"Asher Wojciechowski","Orioles","0","0","0.00","1","0","0","0","0","0","0","0.2","3","1","0","0","0","0","0","0","1","0","2","10836"
"Ryan O'Rourke","Mets","0","0","0.00","2","0","0","0","0","0","0","1.1","6","0","0","0","0","3","0","0","0","0","1","10976"
"Bryan Holaday","Marlins","0","0","0.00","1","0","0","0","0","0","0","0.1","1","0","0","0","0","0","0","0","0","0","0","11287"
"Jose Quintana","Cubs","0","0","0.00","1","0","0","0","0","0","0","4.0","20","5","2","0","0","3","0","0","0","0","8","11423"
"Nick Martini","Athletics","0","0","0.00","1","0","0","0","0","0","0","1.0","5","0","0","0","0","2","0","0","0","0","1","12005"
"Chris Bassitt","Athletics","0","0","0.00","3","0","0","0","0","0","0","5.0","19","1","0","0","0","2","0","1","0","0","9","12304"
"Nathan Karns","Orioles","0","0","0.00","2","0","0","0","0","0","0","1.1","8","3","0","0","0","0","0","1","0","0","0","12638"
"Taylor Davis","Cubs","0","0","0.00","1","0","0","0","0","0","0","1.0","6","3","0","0","0","0","0","0","0","0","0","12782"
"Danny Hultzen","Cubs","0","0","0.00","6","0","0","0","0","0","0","3.1","18","4","0","0","0","2","0","1","0","0","5","12874"
"Joe Musgrove","Pirates","0","0","0.00","1","0","0","0","0","1","0","2.0","6","0","0","0","0","0","0","0","0","0","1","12970"
"Matt Carasiti","Mariners","0","0","0.00","6","0","0","0","0","0","0","5.1","20","2","0","0","0","3","0","0","3","0","5","13276"
"Luke Maile","Blue Jays","0","0","0.00","2","0","0","0","0","0","0","2.0","8","1","0","0","0","0","0","1","0","0","3","13355"
"Steven Matz","Mets","0","0","0.00","2","0","0","0","0","1","0","1.0","6","3","0","0","0","0","0","0","0","0","0","13361"
"Jose Peraza","Reds","0","0","0.00","2","0","0","0","0","0","0","1.1","4","1","0","0","0","0","0","0","0","0","0","13593"
"Jacob Stallings","Pirates","0","0","0.00","1","0","0","0","0","0","0","1.0","3","0","0","0","0","0","0","0","0","0","0","13723"
"Max Fried","Braves","0","0","0.00","3","0","0","0","0","0","0","5.1","19","1","0","0","0","3","0","0","0","0","5","13743"
"Kevin Plawecki","Indians","0","0","0.00","2","0","0","0","0","0","0","2.0","6","0","0","0","0","0","0","0","0","0","0","13807"
"Jose Rondon","White Sox","0","0","0.00","1","0","0","0","0","0","0","1.0","5","2","0","0","0","0","0","0","0","0","0","14140"
"Daniel Robertson","Rays","0","0","0.00","1","0","0","0","0","0","0","1.0","3","1","0","0","0","0","0","0","0","0","0","14145"
"Matt Ramsey","Angels","0","0","0.00","1","0","0","0","0","0","0","1.0","3","0","0","0","0","0","0","0","0","0","1","14460"
"Kyle Farmer","Reds","0","0","0.00","1","0","0","0","0","0","0","1.1","5","1","0","0","0","0","0","0","0","0","0","14813"
"Jon Gray","Rockies","0","0","0.00","1","0","0","0","0","0","0","0.1","4","0","0","0","0","3","2","0","0","0","0","14916"
"Austin Voth","Nationals","0","0","0.00","1","0","0","0","0","0","0","2.1","9","2","0","0","0","0","0","0","0","0","4","15047"
"Cole Sulser","Rays","0","0","0.00","7","0","0","0","0","0","0","7.1","29","5","0","0","0","3","0","0","0","0","9","15256"
"Donnie Hart","- - -","0","0","0.00","5","0","0","0","0","0","0","7.2","29","4","0","0","0","4","1","0","0","0","3","15306"
"Dario Agrazal","Pirates","0","0","0.00","1","0","0","0","0","0","0","2.0","6","0","0","0","0","0","0","0","0","0","1","15821"
"Chris Ellis","Royals","0","0","0.00","1","0","0","0","0","0","0","1.0","5","1","0","0","0","1","0","0","0","0","0","16125"
"A.J. Reed","White Sox","0","0","0.00","1","0","0","0","0","0","0","1.0","3","0","0","0","0","0","0","0","0","0","0","16246"
"Joseph Palumbo","Rangers","0","0","0.00","3","0","0","0","0","0","0","6.0","22","1","0","0","0","2","0","0","0","0","7","17035"
"Domingo German","Yankees","2","0","0.00","3","0","0","0","0","0","0","8.1","32","3","0","0","0","2","0","1","0","0","11","17149"
"Jose Castillo","Padres","0","0","0.00","1","0","0","0","0","0","0","0.2","4","0","0","0","0","1","0","1","1","0","2","17169"
"Art Warren","Mariners","1","0","0.00","6","0","0","0","0","1","0","5.1","21","2","0","0","0","2","0","0","1","0","5","18251"
"Alex Young","Diamondbacks","0","0","0.00","2","0","0","0","0","0","0","6.1","23","4","0","0","0","0","0","1","0","0","2","18333"
"Conner Menez","Giants","0","0","0.00","5","0","0","0","0","0","0","4.1","19","2","0","0","0","4","0","0","2","0","8","19199"
"Dakota Hudson","Cardinals","0","0","0.00","1","0","0","0","1","0","0","0.2","3","0","0","0","0","1","0","0","0","0","0","19206"
"Eric Lauer","Padres","0","0","0.00","1","0","0","0","0","0","0","1.1","5","2","0","0","0","0","0","0","0","0","1","19316"
"Jorge Alcala","Twins","0","0","0.00","2","0","0","0","0","0","0","1.2","7","1","0","0","0","1","0","0","0","0","1","19459"
"Michael King","Yankees","0","0","0.00","1","0","0","0","0","0","0","2.0","9","2","1","0","0","0","0","0","0","0","1","19853"
"Brendan McKay","Rays","0","0","0.00","2","0","0","0","0","0","0","2.1","10","2","0","0","0","1","0","0","0","0","3","20186"
"Brent Suter","Brewers","4","0","0.49","9","0","0","0","0","2","0","18.1","65","10","1","1","1","1","0","0","0","0","15","13942"
"Trevor Richards","- - -","2","0","0.75","7","0","0","0","0","1","0","12.0","51","9","3","1","1","5","0","0","0","0","12","19309"
"Cal Quantrill","Padres","2","0","0.79","5","0","0","0","0","1","0","11.1","43","6","1","1","0","4","1","0","0","0","11","19312"
"Randy Dobnak","Twins","0","0","1.00","4","0","0","0","1","0","0","9.0","41","14","3","1","1","0","0","0","0","0","7","23798"
"Tyler Rogers","Giants","2","0","1.02","17","0","0","0","0","5","2","17.2","70","12","3","2","0","3","0","1","1","0","16","15541"
"Bryan Abreu","Astros","0","0","1.04","7","0","0","0","0","0","0","8.2","32","4","1","1","0","3","0","0","0","0","13","16609"
"John Means","Orioles","2","0","1.17","4","0","0","0","0","0","0","7.2","32","5","1","1","1","3","0","1","0","0","13","16269"
"Keynan Middleton","Angels","0","0","1.17","11","0","0","0","0","0","0","7.2","33","4","1","1","0","7","0","0","1","0","6","15264"
"Kirby Yates","Padres","0","5","1.19","60","0","0","0","41","0","3","60.2","243","41","14","8","2","13","1","7","2","0","101","9073"
"Ben Heller","Yankees","0","0","1.23","6","0","0","0","0","0","0","7.1","28","6","1","1","1","3","1","0","0","0","9","15100"
"Jacob Webb","Braves","4","0","1.39","36","0","0","0","2","9","2","32.1","131","24","10","5","4","12","0","1","3","0","28","19274"
"Cody Reed","Reds","0","0","1.42","3","0","0","0","0","0","0","6.1","25","6","1","1","0","1","1","0","1","0","7","15232"
"Hunter Harvey","Orioles","1","0","1.42","7","0","0","0","0","1","1","6.1","26","3","1","1","1","4","0","0","0","0","11","15507"
"Adrian Houser","Brewers","4","0","1.47","17","0","0","0","0","1","0","30.2","115","18","6","5","2","11","1","0","0","0","33","12718"
"Kevin Ginkel","Diamondbacks","3","0","1.48","25","0","0","0","2","8","0","24.1","96","15","7","4","2","9","0","0","2","0","28","19876"
"Pedro Payano","Rangers","1","0","1.50","2","0","0","0","0","0","0","6.0","22","3","1","1","0","2","0","0","0","0","7","18313"
"Jesus Luzardo","Athletics","0","0","1.50","6","0","0","0","2","2","0","12.0","46","5","2","2","1","3","0","1","2","0","16","19959"
"Will Harris","Astros","4","1","1.50","68","0","0","0","4","26","1","60.0","229","42","14","10","6","14","0","0","3","0","62","3192"
"Jose Rodriguez","Angels","0","0","1.53","8","0","0","0","0","0","0","17.2","73","13","3","3","3","10","0","0","0","0","12","17860"
"Zach Eflin","Phillies","0","0","1.59","4","0","0","0","0","0","0","5.2","22","3","1","1","1","3","0","0","0","0","7","13774"
"Liam Hendriks","Athletics","4","4","1.63","73","0","0","0","25","8","7","83.0","322","58","16","15","5","19","5","2","7","0","122","3548"
"Felipe Vazquez","Pirates","5","1","1.65","56","0","0","0","28","0","3","60.0","236","43","12","11","5","13","0","4","3","0","90","12076"
"James Karinchak","Indians","0","0","1.69","5","0","0","0","0","0","0","5.1","22","3","1","1","0","1","0","0","2","0","8","20151"
"Darren O'Day","Braves","0","0","1.69","8","0","0","0","0","0","0","5.1","21","3","1","1","0","1","0","1","0","0","6","3321"
"James Pazos","Rockies","0","0","1.74","12","0","0","0","0","3","0","10.1","39","7","2","2","1","4","1","0","0","0","10","13323"
"J.A. Happ","Yankees","0","0","1.80","1","0","0","0","0","0","0","5.0","19","4","1","1","0","1","0","0","1","0","6","7410"
"Joe Smith","Astros","1","0","1.80","28","0","0","0","0","4","1","25.0","96","19","6","5","2","5","0","0","0","0","22","3281"
"Jared Walsh","Angels","0","0","1.80","5","0","0","0","0","0","0","5.0","23","3","1","1","0","6","0","0","0","0","5","18607"
"Ken Giles","Blue Jays","2","3","1.87","53","0","0","0","23","0","1","53.0","208","36","11","11","5","17","1","0","2","0","83","12910"
"Brandon Workman","Red Sox","10","1","1.88","73","0","0","0","16","15","6","71.2","286","29","18","15","1","45","4","2","4","1","104","11428"
"Drew Pomeranz","- - -","0","1","1.88","28","0","0","0","2","12","0","28.2","106","16","6","6","3","8","0","0","0","0","50","11426"
"Adam Ottavino","Yankees","6","5","1.90","73","0","0","0","2","28","7","66.1","283","47","17","14","5","40","3","2","3","1","88","1247"
"Zack Britton","Yankees","3","1","1.91","66","0","0","0","3","29","4","61.1","245","38","13","13","3","32","1","1","3","0","53","3240"
"Jeremy Walker","Braves","0","0","1.93","6","0","0","0","0","0","0","9.1","38","9","2","2","0","4","0","0","0","0","6","19981"
"Rogelio Armenteros","Astros","0","0","2.00","3","0","0","0","1","0","0","9.0","37","8","3","2","1","2","0","0","0","0","9","17679"
"Julio Urias","Dodgers","3","2","2.01","29","0","0","0","4","5","1","49.1","200","33","15","11","4","19","1","3","1","1","48","14765"
"Keone Kela","Pirates","2","0","2.12","32","0","0","0","1","6","4","29.2","119","19","7","7","3","11","0","1","1","0","33","14696"
"Aaron Bummer","White Sox","0","0","2.13","58","0","0","0","1","27","2","67.2","262","43","17","16","4","24","2","3","4","0","60","16258"
"James Hoyt","Indians","0","0","2.16","8","0","0","0","0","1","0","8.1","32","6","2","2","2","2","0","0","0","0","10","14605"
"Casey Sadler","- - -","4","0","2.17","32","0","0","0","1","2","1","45.2","190","40","13","11","5","13","2","4","0","0","30","11209"
"Aroldis Chapman","Yankees","3","2","2.21","60","0","0","0","37","0","5","57.0","235","38","18","14","3","25","0","1","6","0","85","10233"
"Arodys Vizcaino","Braves","1","0","2.25","4","0","0","0","1","0","1","4.0","17","3","1","1","1","3","0","0","0","0","6","5498"
"Jose De Leon","Rays","1","0","2.25","3","0","0","0","0","0","0","4.0","21","3","2","1","0","3","1","2","1","0","7","15463"
"Scott Oberg","Rockies","6","1","2.25","49","0","0","0","5","8","3","56.0","223","39","18","14","5","23","2","0","3","0","58","13911"
"Jon Edwards","Indians","2","0","2.25","9","0","0","0","0","0","0","8.0","36","5","2","2","2","6","0","2","0","0","5","1483"
"Shane Greene","- - -","0","3","2.30","65","0","0","0","23","10","5","62.2","252","46","22","16","8","17","1","3","0","0","64","10756"
"Giovanny Gallegos","Cardinals","3","2","2.31","66","0","0","0","1","19","3","74.0","279","44","19","19","9","16","2","3","3","1","93","14986"
"Emilio Pagan","Rays","4","2","2.31","66","0","0","0","20","7","8","70.0","267","45","19","18","12","13","1","1","3","0","96","14771"
"Eric Yardley","Padres","0","1","2.31","10","0","0","0","0","0","0","11.2","52","12","5","3","1","3","0","1","0","0","7","15538"
"Ryan Pressly","Astros","2","3","2.32","55","0","0","0","3","31","5","54.1","211","37","15","14","6","12","0","0","4","0","72","7005"
"Daniel Hudson","- - -","9","3","2.38","68","0","0","0","8","11","4","72.0","299","54","24","19","8","27","2","4","2","0","70","7146"
"Tyler Clippard","Indians","1","0","2.38","50","0","0","0","0","8","0","56.2","220","34","15","15","7","15","0","6","3","0","59","5640"
"Luke Farrell","Rangers","1","0","2.38","8","0","0","0","0","0","0","11.1","41","5","3","3","3","3","0","0","0","0","12","15101"
"Ryan Eades","- - -","0","1","2.38","8","0","0","0","0","1","1","11.1","50","11","3","3","2","6","0","1","0","0","10","14808"
"Emmanuel Clase","Rangers","2","3","2.42","20","0","0","0","1","4","0","22.1","89","19","8","6","2","4","0","1","1","0","21","21032"
"Rowan Wick","Cubs","2","0","2.43","31","0","0","0","2","5","0","33.1","140","22","13","9","0","16","1","3","0","0","35","14646"
"Rafael Montero","Rangers","2","0","2.48","22","0","0","0","0","7","1","29.0","113","23","8","8","5","5","0","2","0","1","34","12760"
"Evan Marshall","White Sox","4","2","2.49","55","0","0","0","0","19","4","50.2","209","42","16","14","5","24","2","0","1","0","41","12297"
"Tyler Duffey","Twins","5","1","2.50","58","0","0","0","0","15","2","57.2","238","44","23","16","8","14","1","3","3","1","82","13758"
"Hansel Robles","Angels","5","1","2.51","70","0","0","0","23","2","4","71.2","280","58","20","20","6","16","1","0","4","1","74","11801"
"Justin Wilson","Mets","4","2","2.54","45","0","0","0","4","9","1","39.0","166","33","12","11","4","19","1","2","4","1","44","4301"
"Jose Urquidy","Astros","0","0","2.57","2","0","0","0","0","0","0","7.0","28","6","2","2","1","1","0","0","0","0","4","18413"
"Daniel Ponce de Leon","Cardinals","1","0","2.57","5","0","0","0","0","0","0","14.0","54","8","4","4","2","7","1","0","1","0","21","16110"
"Sam Tuivailala","Mariners","1","0","2.57","21","0","0","0","0","7","1","21.0","86","13","6","6","1","9","0","2","1","0","26","13485"
"Taylor Rogers","Twins","2","4","2.61","60","0","0","0","30","10","6","69.0","278","58","20","20","8","11","2","6","2","0","90","13449"
"Josh Hader","Brewers","3","5","2.62","61","0","0","0","37","6","7","75.2","289","41","24","22","15","20","2","4","0","0","138","14212"
"Roberto Osuna","Astros","4","3","2.63","66","0","0","0","38","0","6","65.0","253","45","20","19","8","12","0","2","1","0","73","13764"
"Connor Sadzeck","Mariners","0","1","2.66","20","0","0","0","1","1","1","23.2","107","18","10","7","3","15","1","2","4","0","27","13483"
"Collin McHugh","Astros","1","1","2.67","27","0","0","0","0","4","0","33.2","142","26","11","10","3","16","0","0","0","0","40","7531"
"Zack Littell","Twins","6","0","2.68","29","0","0","0","0","1","1","37.0","146","34","12","11","4","9","1","0","0","0","32","15823"
"Brandon Kintzler","Cubs","3","3","2.68","62","0","0","0","1","17","2","57.0","227","45","18","17","5","13","3","4","0","0","48","9939"
"Seth Lugo","Mets","7","4","2.70","61","0","0","0","6","21","5","80.0","314","56","28","24","8","16","4","5","2","0","104","12447"
"Yusmeiro Petit","Athletics","5","3","2.71","80","0","0","0","0","29","1","83.0","308","57","25","25","11","10","0","0","2","0","71","4020"
"Will Smith","Giants","6","0","2.76","63","0","0","0","34","0","4","65.1","257","46","20","20","10","21","2","0","3","0","96","8048"
"Alex Colome","White Sox","4","5","2.80","62","0","0","0","30","0","3","61.0","249","42","28","19","7","23","2","1","4","0","55","6661"
"Nick Wittgren","Indians","5","1","2.81","55","0","0","0","4","12","2","57.2","231","47","22","18","10","15","1","0","0","0","60","15594"
"Alec Mills","Cubs","1","0","2.81","5","0","0","0","1","0","0","16.0","65","12","5","5","3","5","0","2","0","0","16","13834"
"Hector Rondon","Astros","3","1","2.85","61","0","0","0","0","19","3","60.0","248","51","19","19","10","19","0","3","0","0","47","2391"
"Reyes Moronta","Giants","3","7","2.86","56","0","0","0","0","15","5","56.2","246","41","19","18","4","33","1","3","3","0","70","14966"
"Aaron Brooks","- - -","1","0","2.89","11","0","0","0","0","0","0","28.0","111","18","9","9","4","6","0","4","1","0","23","12272"
"Hector Noesi","Marlins","0","0","2.89","8","0","0","0","0","0","0","9.1","37","10","3","3","1","2","0","0","1","0","9","3292"
"James Norwood","Cubs","0","1","2.89","9","0","0","0","0","0","0","9.1","44","9","4","3","1","8","0","0","1","0","11","16440"
"Jimmy Cordero","- - -","1","1","2.89","31","0","0","0","0","4","0","37.1","146","26","12","12","4","11","0","3","1","0","31","15690"
"Jason Adam","Blue Jays","3","0","2.91","23","0","0","0","0","4","1","21.2","91","15","8","7","1","10","1","3","1","2","18","11861"
"Michael Lorenzen","Reds","1","4","2.92","73","0","0","0","7","21","4","83.1","343","68","29","27","9","28","1","2","2","0","85","14843"
"Hector Neris","Phillies","3","6","2.93","68","0","0","0","28","2","6","67.2","275","45","24","22","10","24","1","6","2","2","89","11804"
"Trevor May","Twins","5","3","2.94","65","0","0","0","2","17","2","64.1","266","43","24","21","8","26","1","3","3","0","79","6398"
"Ryan Helsley","Cardinals","2","0","2.95","24","0","0","0","0","1","1","36.2","153","34","13","12","5","12","2","0","2","1","32","18138"
"Steve Cishek","Cubs","4","6","2.95","70","0","0","0","7","11","4","64.0","267","48","22","21","7","29","1","7","4","0","57","6483"
"Jandel Gustave","Giants","0","0","2.96","23","0","0","0","1","4","1","24.1","99","18","11","8","1","9","0","0","0","0","14","14665"
"Ryan Buchter","Athletics","1","1","2.98","64","0","0","0","0","12","4","45.1","198","42","16","15","8","23","2","2","1","0","50","9456"
"Hernan Perez","Brewers","0","0","3.00","3","0","0","0","0","0","0","3.0","11","2","1","1","1","2","0","0","0","0","1","5751"
"Aaron Slegers","Rays","0","0","3.00","1","0","0","0","1","0","0","3.0","12","3","1","1","1","0","0","1","0","0","0","15231"
"Masahiro Tanaka","Yankees","0","1","3.00","1","0","0","0","0","0","0","3.0","15","5","2","1","0","1","0","0","0","0","2","15764"
"Jefry Rodriguez","Indians","0","0","3.00","2","0","0","0","0","0","0","3.0","13","3","1","1","0","2","0","0","0","0","1","17018"
"Trent Thornton","Blue Jays","1","0","3.00","3","0","0","0","0","0","0","15.0","56","8","5","5","1","2","0","0","1","0","14","17948"
"Tony Gonsolin","Dodgers","2","0","3.00","5","0","0","0","1","0","0","12.0","48","6","4","4","1","5","0","1","1","0","13","19388"
"Kyle Wright","Braves","0","0","3.00","3","0","0","0","0","0","0","3.0","11","2","1","1","0","0","0","0","0","0","4","19665"
"Grant Dayton","Braves","0","1","3.00","14","0","0","0","0","1","1","12.0","51","12","5","4","4","4","0","0","0","0","14","11203"
"Jarlin Garcia","Marlins","4","2","3.02","53","0","0","0","0","6","1","50.2","206","40","17","17","4","16","2","2","4","0","39","18282"
"Sean Newcomb","Braves","6","3","3.04","51","0","0","0","1","16","2","53.1","223","43","20","18","8","19","1","3","3","0","57","16943"
"Ross Stripling","Dodgers","2","1","3.05","17","0","0","0","0","3","0","20.2","88","19","10","7","1","6","0","1","2","0","22","13273"
"Ariel Jurado","Rangers","2","2","3.07","14","0","0","0","0","1","0","29.1","119","29","16","10","4","5","1","0","1","0","15","17030"
"Archie Bradley","Diamondbacks","4","4","3.07","65","0","0","0","18","7","3","70.1","306","62","26","24","5","34","2","5","0","0","85","12918"
"Diego Castillo","Rays","5","7","3.08","59","0","0","0","8","17","2","61.1","256","48","26","21","6","26","4","5","5","0","74","17496"
"Kevin Gausman","Reds","0","1","3.10","14","0","0","0","0","2","0","20.1","82","18","8","7","2","5","1","1","0","0","27","14107"
"Pedro Baez","Dodgers","7","2","3.10","71","0","0","0","1","25","6","69.2","276","43","30","24","6","23","1","4","0","0","69","5420"
"David Hale","Yankees","3","0","3.11","20","0","0","0","2","0","0","37.2","157","39","13","13","2","7","1","1","2","0","23","9756"
"Josh Taylor","Red Sox","2","2","3.11","51","0","0","0","0","4","1","46.1","188","39","17","16","5","14","1","2","3","0","60","17359"
"Tim Collins","Cubs","0","0","3.12","9","0","0","0","0","0","0","8.2","38","9","3","3","1","3","0","0","0","0","4","3164"
"Cody Stashak","Twins","0","1","3.13","17","0","0","0","0","1","0","23.0","96","27","8","8","2","1","0","1","0","0","23","18088"
"Jordan Hicks","Cardinals","2","2","3.14","29","0","0","0","14","3","1","28.2","110","16","10","10","2","11","0","1","2","0","31","19618"
"Ranger Suarez","Phillies","6","1","3.14","37","0","0","0","0","6","1","48.2","205","52","18","17","6","12","2","1","1","1","42","17277"
"Carlos Martinez","Cardinals","4","2","3.17","48","0","0","0","24","3","3","48.1","200","39","18","17","2","18","1","3","2","0","53","11682"
"A.J. Puk","Athletics","2","0","3.18","10","0","0","0","0","2","1","11.1","47","10","4","4","1","5","0","0","2","0","13","19343"
"Jonathan Hernandez","Rangers","2","0","3.18","7","0","0","0","0","1","0","11.1","52","10","4","4","2","9","0","0","0","0","12","17464"
"Wei-Chieh Huang","Rangers","0","0","3.18","4","0","0","0","0","0","0","5.2","32","8","5","2","0","5","0","1","3","0","2","17508"
"Jonathan Loaisiga","Yankees","2","0","3.20","11","0","0","0","0","0","1","19.2","81","16","7","7","3","9","0","1","0","0","23","19753"
"Michael Feliz","Pirates","4","3","3.21","57","0","0","0","0","3","1","56.0","233","40","22","20","10","26","1","2","0","1","73","11903"
"Oliver Drake","Rays","5","2","3.21","50","0","0","0","2","10","1","56.0","219","36","20","20","9","19","1","1","1","0","70","8823"
"Amir Garrett","Reds","5","3","3.21","69","0","0","0","0","22","3","56.0","246","44","22","20","7","35","1","4","5","1","78","14375"
"Kenta Maeda","Dodgers","2","0","3.24","11","0","0","0","3","4","0","16.2","62","9","6","6","3","4","0","0","0","0","22","18498"
"Michel Baez","Padres","1","1","3.25","23","0","0","0","0","0","0","27.2","124","25","10","10","3","13","2","3","1","1","24","20100"
"Austin Adams","- - -","2","2","3.26","28","0","0","0","0","10","2","30.1","121","17","11","11","3","14","0","1","4","0","51","13801"
"Hunter Wood","- - -","1","0","3.27","34","0","0","0","1","2","0","41.1","177","42","19","15","7","10","0","1","5","0","35","15091"
"Matt Strahm","Padres","3","4","3.27","30","0","0","0","0","6","1","33.0","134","31","12","12","3","5","2","2","1","0","37","13799"
"Brad Peacock","Astros","2","0","3.27","8","0","0","0","0","0","0","11.0","48","6","5","4","2","8","0","0","1","0","14","5401"
"Adam Kolarek","- - -","6","3","3.27","80","0","0","0","1","17","0","55.0","229","48","22","20","7","16","4","3","1","0","45","10843"
"Erik Swanson","Mariners","0","0","3.28","19","0","0","0","2","1","0","24.2","98","17","9","9","5","7","1","2","2","0","27","16587"
"Brian Flynn","Royals","2","1","3.29","10","0","0","0","0","0","0","27.1","123","30","11","10","2","17","2","1","2","1","19","12027"
"Craig Stammen","Padres","8","7","3.29","76","0","0","0","4","31","9","82.0","339","80","36","30","13","15","2","2","0","0","73","7274"
"Brad Hand","Indians","6","4","3.30","60","0","0","0","34","0","5","57.1","242","53","21","21","6","18","5","4","0","0","84","9111"
"Cam Bedrosian","Angels","3","2","3.31","52","0","0","0","1","15","2","54.1","230","44","28","20","6","19","0","3","8","0","56","13360"
"Andrew Kittredge","Rays","1","0","3.32","30","0","0","0","0","2","0","38.0","155","34","15","14","5","9","0","2","2","0","38","12828"
"Sam Dyson","- - -","5","1","3.32","61","0","0","0","2","23","2","62.1","249","53","26","23","6","13","0","3","1","0","55","11710"
"Nick Anderson","- - -","5","4","3.32","68","0","0","0","1","16","4","65.0","264","52","24","24","8","18","4","2","4","0","110","18337"
"Jake Petricka","Brewers","0","0","3.38","6","0","0","0","0","0","0","8.0","36","6","3","3","0","6","1","0","1","0","3","10534"
"Kyle Gibson","Twins","0","0","3.38","5","0","0","0","0","2","1","5.1","27","7","3","2","1","3","0","0","0","0","8","10123"
"Enderson Franco","Giants","0","0","3.38","5","0","0","0","0","1","0","5.1","20","4","2","2","1","1","0","0","0","0","4","11896"
"Kyle Keller","Marlins","0","0","3.38","10","0","0","0","0","0","0","10.2","46","5","4","4","3","8","0","2","0","0","11","18890"
"Chris Martin","- - -","1","3","3.40","58","0","0","0","4","18","2","55.2","216","52","23","21","9","5","0","0","0","0","65","11847"
"Ian Kennedy","Royals","3","2","3.41","63","0","0","0","30","1","4","63.1","266","64","24","24","6","17","1","1","3","0","73","6986"
"Yoan Lopez","Diamondbacks","2","7","3.41","70","0","0","0","1","21","3","60.2","246","52","27","23","11","17","2","0","1","0","42","17181"
"Lucas Sims","Reds","1","0","3.42","20","0","0","0","0","3","0","26.1","110","17","10","10","5","15","0","1","1","0","40","13470"
"Jon Duplantier","Diamondbacks","1","0","3.42","12","0","0","0","1","0","0","23.2","106","23","9","9","0","14","1","5","2","0","22","19546"
"Jalen Beeks","Rays","6","1","3.42","30","0","0","0","1","2","0","92.0","401","94","41","35","8","34","1","9","2","0","77","17192"
"Austin Brice","Marlins","1","0","3.43","36","0","0","0","0","6","1","44.2","199","37","21","17","7","18","2","7","2","0","46","17237"
"Sergio Romo","- - -","2","1","3.43","65","0","0","0","20","17","3","60.1","249","50","27","23","7","17","3","2","3","1","60","9817"
"Devin Smeltzer","Twins","0","0","3.44","5","0","0","0","1","1","0","18.1","76","22","9","7","4","4","0","0","0","0","16","19487"
"Francisco Liriano","Pirates","5","3","3.47","69","0","0","0","0","12","4","70.0","301","60","32","27","8","35","1","3","1","0","63","3201"
"Jose Alvarez","Phillies","3","4","3.47","66","0","0","0","1","16","2","57.0","246","65","25","22","8","16","3","1","3","0","51","5358"
"Nate Jones","White Sox","0","1","3.48","13","0","0","0","1","2","0","10.1","47","10","4","4","2","7","1","1","2","0","10","4696"
"David Phelps","- - -","2","1","3.51","40","0","0","0","1","5","4","33.1","144","31","14","13","5","16","1","1","3","0","35","6316"
"Thomas Pannone","Blue Jays","3","1","3.54","30","0","0","0","0","1","0","48.1","206","40","19","19","7","22","1","4","4","0","45","17281"
"Taylor Clarke","Diamondbacks","1","1","3.54","8","0","0","0","1","0","0","20.1","80","13","8","8","7","6","0","1","1","0","17","17611"
"Nick Goody","Indians","3","2","3.54","39","0","0","0","0","10","0","40.2","173","30","18","16","7","22","1","0","0","0","50","13685"
"Kyle Ryan","Cubs","4","2","3.54","73","0","0","0","0","14","2","61.0","260","55","26","24","5","29","2","1","1","0","58","11753"
"Cory Gearrin","- - -","1","2","3.54","64","0","0","0","0","13","0","53.1","231","53","21","21","4","23","1","4","4","1","45","7947"
"Junior Guerra","Brewers","9","5","3.55","72","0","0","0","3","20","8","83.2","344","58","35","33","11","36","2","4","5","0","77","5702"
"Stefan Crichton","Diamondbacks","1","0","3.56","28","0","0","0","0","3","0","30.1","123","23","12","12","3","8","1","2","1","0","33","16058"
"Anthony Bass","Mariners","2","4","3.56","44","0","0","0","5","6","5","48.0","189","30","20","19","5","17","2","1","6","0","43","7982"
"Sam Coonrod","Giants","5","1","3.58","33","0","0","0","0","0","1","27.2","114","19","11","11","3","15","1","4","2","1","20","17264"
"J.B. Wendelken","Athletics","3","1","3.58","27","0","0","0","0","1","1","32.2","131","21","14","13","2","9","2","2","2","0","34","14506"
"John Brebbia","Cardinals","3","4","3.59","66","0","0","0","0","12","1","72.2","304","59","31","29","6","27","2","3","0","0","87","12777"
"Chi Chi Gonzalez","Rockies","1","1","3.60","2","0","0","0","0","0","0","5.0","22","3","4","2","1","2","0","0","0","0","8","14663"
"Adbert Alzolay","Cubs","1","0","3.60","2","0","0","0","0","0","0","5.0","21","2","2","2","1","4","0","0","0","0","6","17859"
"Patrick Sandoval","Angels","0","0","3.60","1","0","0","0","0","0","0","5.0","20","3","2","2","0","2","0","0","2","0","8","19447"
"Ronald Bolanos","Padres","0","0","3.60","2","0","0","0","0","0","0","5.0","20","4","2","2","1","1","0","0","0","0","6","20041"
"Jimmy Nelson","Brewers","0","0","3.60","7","0","0","0","0","0","0","10.0","42","9","4","4","2","7","0","1","1","0","13","10547"
"Harrison Musgrave","Rockies","0","0","3.60","10","0","0","0","0","0","0","10.0","47","9","4","4","0","7","1","0","1","0","12","16532"
"Mark Melancon","- - -","5","2","3.61","66","0","0","0","12","5","0","67.1","284","71","28","27","4","18","2","2","4","0","68","4264"
"Yimi Garcia","Dodgers","1","4","3.61","64","0","0","0","0","4","3","62.1","247","40","28","25","15","14","2","6","1","1","66","12095"
"Tim Hill","Royals","2","0","3.63","46","0","0","0","1","9","1","39.2","161","31","17","16","4","13","2","4","0","0","39","16814"
"Scott Alexander","Dodgers","3","2","3.63","28","0","0","0","0","6","0","17.1","76","17","7","7","2","7","2","1","0","0","9","10591"
"Noe Ramirez","Angels","5","2","3.64","44","0","0","0","0","3","0","59.1","245","52","24","24","8","17","1","5","2","0","69","12800"
"Taylor Guilbeau","Mariners","0","0","3.65","17","0","0","0","0","3","2","12.1","51","10","6","5","2","3","1","1","0","0","7","18306"
"Tyler Kinley","Marlins","3","1","3.65","52","0","0","0","1","1","2","49.1","221","43","20","20","5","36","2","1","3","0","46","18297"
"Matt Bowman","Reds","2","0","3.66","27","0","0","0","0","0","0","32.0","137","27","15","13","2","13","3","0","0","0","25","13528"
"John Gant","Cardinals","11","1","3.66","64","0","0","0","3","18","3","66.1","269","51","29","27","4","34","1","0","1","0","60","13684"
"Tyler Chatwood","Cubs","4","2","3.67","33","0","0","0","2","3","2","54.0","226","44","22","22","6","25","0","2","7","0","53","4338"
"Tommy Kahnle","Yankees","3","2","3.67","72","0","0","0","0","27","5","61.1","248","45","27","25","9","20","0","2","8","0","88","11384"
"Buck Farmer","Tigers","6","6","3.70","72","0","0","0","0","15","3","65.2","279","60","31","27","8","23","2","5","4","0","69","14814"
"Kenley Jansen","Dodgers","5","3","3.71","62","0","0","0","33","0","8","63.0","263","51","28","26","9","16","0","4","2","3","80","3096"
"Richard Rodriguez","Pirates","4","5","3.72","72","0","0","0","1","16","4","65.1","285","65","30","27","14","23","3","2","1","0","63","13549"
"Brian Schlitter","Athletics","0","0","3.72","6","0","0","0","0","0","0","9.2","41","12","4","4","0","4","0","0","1","0","6","3599"
"Josh Staumont","Royals","0","0","3.72","16","0","0","0","0","0","1","19.1","88","21","13","8","4","10","1","1","0","0","15","18335"
"Genesis Cabrera","Cardinals","0","0","3.75","11","0","0","0","1","1","0","12.0","56","10","7","5","0","7","0","2","1","0","14","17490"
"Carlos Estevez","Rockies","2","2","3.75","71","0","0","0","0","11","2","72.0","308","70","34","30","12","23","1","1","1","1","81","14542"
"Robert Stephenson","Reds","3","2","3.76","57","0","0","0","0","11","4","64.2","262","43","30","27","9","24","4","0","3","0","81","13594"
"Andrew Chafin","Diamondbacks","2","2","3.76","77","0","0","0","0","23","4","52.2","225","52","23","22","6","18","0","2","2","0","68","12988"
"Tyler Webb","Cardinals","2","1","3.76","65","0","0","0","1","8","0","55.0","221","33","23","23","7","23","3","2","2","0","48","14974"
"Josh Tomlin","Braves","2","1","3.77","50","0","0","0","2","7","2","76.1","307","78","34","32","14","7","0","0","2","0","48","9388"
"Jake Newberry","Royals","1","0","3.77","27","0","0","0","0","4","1","31.0","137","29","13","13","7","16","2","1","0","0","29","15136"
"Wei-Chung Wang","- - -","3","0","3.77","25","0","0","0","0","0","0","31.0","129","27","13","13","4","14","0","1","0","1","18","14382"
"Matt Barnes","Red Sox","5","4","3.78","70","0","0","0","4","26","8","64.1","285","51","29","27","8","38","2","2","13","1","110","12863"
"J. D. Hammer","Phillies","1","0","3.79","20","0","0","0","0","0","1","19.0","81","15","8","8","2","12","0","0","1","0","13","19548"
"Marcus Walden","Red Sox","9","2","3.81","70","0","0","0","2","6","4","78.0","327","61","38","33","6","32","1","5","6","1","76","8004"
"A.J. Cole","Indians","3","1","3.81","25","0","0","0","1","0","0","26.0","118","31","16","11","4","8","0","0","0","0","30","11467"
"Ryne Harper","Twins","4","2","3.81","61","0","0","0","1","12","3","54.1","225","54","25","23","7","10","0","1","5","0","50","12680"
"Luke Jackson","Braves","9","2","3.84","70","0","0","0","18","9","7","72.2","315","76","34","31","10","26","4","2","3","0","106","11752"
"Chandler Shepherd","Orioles","0","0","3.86","2","0","0","0","0","0","0","7.0","31","8","3","3","0","3","0","0","1","0","5","16166"
"T.J. Zeuch","Blue Jays","1","0","3.86","2","0","0","0","0","0","0","9.1","40","8","5","4","0","5","0","0","1","0","9","19269"
"Andrew Cashner","Red Sox","1","1","3.86","19","0","0","0","1","4","0","23.1","95","17","10","10","1","12","0","0","2","0","21","8782"
"Ryan Yarbrough","Rays","8","1","3.86","14","0","0","0","0","0","0","56.0","223","48","26","24","6","9","1","1","0","0","46","16502"
"Jose Osuna","Pirates","0","0","3.86","2","0","0","0","0","0","0","2.1","9","3","1","1","1","0","0","0","0","0","0","12937"
"Victor Arano","Phillies","1","0","3.86","3","0","0","0","0","0","0","4.2","16","2","2","2","1","2","0","0","0","0","7","15915"
"John Curtiss","Angels","0","0","3.86","1","0","0","0","0","0","0","2.1","12","2","1","1","0","3","0","0","0","0","1","16128"
"Justin Shafer","Blue Jays","2","1","3.86","34","0","0","0","1","3","0","39.2","182","41","19","17","6","25","4","1","1","0","39","16132"
"Dillon Peters","Angels","1","0","3.86","5","0","0","0","0","0","0","16.1","69","18","7","7","4","3","0","1","0","0","13","18790"
"Heath Hembree","Red Sox","1","0","3.86","45","0","0","0","2","4","1","39.2","173","34","20","17","7","18","2","3","2","0","46","11632"
"Jerry Blevins","Braves","1","0","3.90","45","0","0","0","1","10","0","32.1","141","25","15","14","5","16","2","2","2","0","37","7841"
"Juan Minaya","White Sox","0","0","3.90","22","0","0","0","0","0","0","27.2","126","31","13","12","4","12","0","2","3","0","27","10341"
"Tanner Rainey","Nationals","2","3","3.91","52","0","0","0","0","9","3","48.1","214","32","22","21","6","38","2","4","7","0","74","17610"
"Andres Munoz","Padres","1","1","3.91","22","0","0","0","1","8","1","23.0","97","16","10","10","2","11","0","0","1","1","30","20373"
"Nick Vincent","- - -","1","3","3.92","31","0","0","0","0","1","0","43.2","187","43","20","19","7","12","3","4","0","1","47","7555"
"Gregory Soto","Tigers","0","2","3.93","26","0","0","0","0","2","1","34.1","162","43","17","15","3","21","1","0","4","0","29","19677"
"Phillips Valdez","Rangers","0","0","3.94","11","0","0","0","0","0","0","16.0","75","17","7","7","3","9","0","2","1","0","18","15605"
"Adam Morgan","Phillies","3","3","3.94","40","0","0","0","0","19","2","29.2","120","20","14","13","4","10","1","3","0","0","29","12580"
"Devin Williams","Brewers","0","0","3.95","13","0","0","0","0","2","0","13.2","67","18","9","6","2","6","0","2","1","0","14","15816"
"Darwinzon Hernandez","Red Sox","0","0","3.95","28","0","0","0","0","2","0","27.1","129","24","14","12","1","21","1","3","4","0","50","19848"
"Roenis Elias","- - -","4","2","3.96","48","0","0","0","14","2","3","50.0","216","46","32","22","10","18","1","1","1","1","47","12673"
"Ty Buttrey","Angels","6","7","3.98","72","0","0","0","2","26","4","72.1","309","69","34","32","8","23","0","5","6","0","84","14719"
"Oliver Perez","Indians","2","4","3.98","67","0","0","0","1","22","4","40.2","173","38","20","18","5","12","2","3","1","0","48","1514"
"Ryan Weber","Red Sox","1","3","3.99","15","0","0","0","0","0","0","29.1","128","32","15","13","3","6","0","1","1","0","22","10160"
"Freddy Peralta","Brewers","5","1","4.01","31","0","0","0","1","5","1","49.1","212","40","26","22","6","26","1","0","1","0","69","18679"
"Seranthony Dominguez","Phillies","3","0","4.01","27","0","0","0","0","9","2","24.2","110","24","13","11","3","12","0","1","1","0","29","19249"
"Justin Miller","Nationals","1","0","4.02","17","0","0","0","0","4","1","15.2","65","16","8","7","5","4","0","2","0","0","11","8580"
"Jared Hughes","- - -","5","5","4.04","72","0","0","0","1","7","3","71.1","289","57","37","32","13","27","1","2","1","0","54","9325"
"Sean Doolittle","Nationals","6","5","4.05","63","0","0","0","29","2","6","60.0","260","63","27","27","11","15","2","2","0","0","66","1581"
"Chaz Roe","Rays","1","3","4.06","71","0","0","0","1","23","4","51.0","229","49","27","23","3","31","2","1","3","1","65","9866"
"Alex Claudio","Brewers","2","2","4.06","83","0","0","0","0","22","3","62.0","267","57","29","28","8","24","2","6","1","0","44","12890"
"Nick Ramirez","Tigers","5","4","4.07","46","0","0","0","0","1","1","79.2","348","76","45","36","11","35","4","1","6","0","74","12575"
"Glenn Sparkman","Royals","0","1","4.08","8","0","0","0","0","0","0","17.2","82","23","8","8","2","6","0","2","1","0","11","15200"
"Matt Magill","- - -","5","2","4.09","50","0","0","0","5","1","2","50.2","229","51","31","23","7","20","3","2","5","0","64","3950"
"Luis Cessa","Yankees","2","1","4.11","43","0","0","0","1","4","0","81.0","343","75","42","37","14","31","1","3","1","0","75","13345"
"Colten Brewer","Red Sox","1","2","4.12","58","0","0","0","0","6","1","54.2","253","59","26","25","6","34","1","2","9","0","52","12997"
"Jesse Chavez","Rangers","2","2","4.13","39","0","0","0","1","8","1","48.0","208","52","24","22","7","17","0","2","0","0","44","5448"
"Brett Martin","Rangers","2","2","4.15","49","0","0","0","0","4","1","60.2","267","67","33","28","7","16","2","1","2","0","59","17369"
"Zac Grotz","Mariners","1","0","4.15","14","0","0","0","0","1","0","17.1","73","14","9","8","0","8","1","1","6","0","18","18256"
"Fernando Abad","Giants","0","2","4.15","21","0","0","0","0","8","0","13.0","49","9","6","6","2","3","0","0","1","0","9","4994"
"Raisel Iglesias","Reds","3","12","4.16","68","0","0","0","34","3","6","67.0","279","61","31","31","12","21","4","2","3","0","89","17130"
"Tony Watson","Giants","2","2","4.17","60","0","0","0","0","25","3","54.0","231","56","26","25","9","12","1","5","1","0","41","3132"
"Wilmer Font","- - -","4","1","4.17","31","0","0","0","0","2","1","49.2","207","46","23","23","10","14","1","2","1","1","55","5257"
"Luis Perdomo","Padres","2","4","4.19","46","0","0","0","0","7","1","68.2","284","67","33","32","6","18","1","2","3","0","55","14682"
"Scott Barlow","Royals","3","3","4.22","61","0","0","0","1","14","2","70.1","310","64","33","33","6","37","3","3","5","1","92","14993"
"Joakim Soria","Athletics","2","4","4.24","70","0","0","0","1","21","5","68.0","273","49","32","32","8","20","1","3","5","1","77","6941"
"Touki Toussaint","Braves","4","0","4.24","23","0","0","0","0","2","0","40.1","184","38","21","19","5","25","2","4","5","0","43","16929"
"Dylan Floro","Dodgers","5","3","4.24","50","0","0","0","0","6","3","46.2","201","46","25","22","4","14","5","2","1","0","42","13394"
"Felix Pena","Angels","8","1","4.26","15","0","0","0","0","1","0","67.2","283","55","35","32","11","23","0","2","7","0","77","13403"
"Jacob Rhame","Mets","0","1","4.26","5","0","0","0","0","0","0","6.1","30","3","4","3","1","9","0","0","0","0","5","15267"
"Jimmy Herget","Reds","0","0","4.26","5","0","0","0","0","0","0","6.1","26","8","3","3","2","3","0","0","0","0","0","17556"
"Buddy Boshers","Blue Jays","0","3","4.26","27","0","0","0","0","4","0","19.0","87","20","10","9","3","9","0","1","2","0","25","8490"
"Brian Moran","Marlins","1","0","4.26","10","0","0","0","0","2","1","6.1","29","6","3","3","1","2","1","2","0","0","10","9646"
"Daniel Norris","Tigers","0","0","4.32","3","0","0","0","0","0","0","8.1","38","11","4","4","3","3","0","0","1","0","4","13475"
"Logan Allen","- - -","0","1","4.32","5","0","0","0","0","0","0","8.1","39","11","5","4","3","4","0","1","0","0","4","18555"
"Blake Parker","- - -","3","2","4.32","58","0","0","0","10","13","1","58.1","243","50","29","28","11","22","0","3","4","0","61","5224"
"Jose Cisnero","Tigers","0","4","4.33","35","0","0","0","0","4","2","35.1","162","35","21","17","5","19","3","3","1","0","40","6399"
"Daniel Stumpf","Tigers","1","1","4.34","48","0","0","0","0","5","2","29.0","135","35","18","14","5","15","1","0","0","0","28","13780"
"Chad Green","Yankees","4","3","4.35","39","0","0","0","2","4","0","49.2","211","48","26","24","6","11","0","4","1","0","66","15552"
"Luis Garcia","Angels","2","1","4.35","62","0","0","0","1","6","2","60.0","271","59","34","29","12","33","1","5","7","0","56","6984"
"Jake McGee","Rockies","0","2","4.35","45","0","0","0","0","4","2","41.1","180","47","25","20","11","11","1","3","0","1","35","7550"
"Ryan Tepera","Blue Jays","0","2","4.35","22","0","0","0","0","2","0","20.2","85","18","10","10","4","7","2","0","2","0","14","10291"
"Vince Velasquez","Phillies","1","1","4.35","10","0","0","0","0","2","0","10.1","48","13","6","5","3","6","0","0","1","0","15","11189"
"Sam Selman","Giants","0","0","4.35","10","0","0","0","0","1","1","10.1","44","6","5","5","2","6","0","2","0","0","10","13397"
"Williams Jerez","- - -","1","0","4.35","12","0","0","0","0","1","0","10.1","48","12","5","5","2","9","0","0","2","0","9","14338"
"Andrew Suarez","Giants","0","0","4.37","19","0","0","0","0","1","1","22.2","99","26","11","11","4","7","1","1","0","0","18","18300"
"Joe Jimenez","Tigers","4","7","4.37","66","0","0","0","9","15","5","59.2","257","56","33","29","13","23","1","4","1","1","82","15761"
"Nick Pivetta","Phillies","0","2","4.38","17","0","0","0","1","1","0","24.2","115","25","18","12","4","14","2","2","4","0","31","15454"
"Randy Rosario","- - -","2","0","4.40","19","0","0","0","0","0","1","14.1","63","15","9","7","2","5","0","0","3","0","13","14508"
"Tyler Olson","Indians","1","1","4.40","39","0","0","0","0","1","1","30.2","140","34","15","15","3","16","2","2","2","0","28","14741"
"Zack Godley","- - -","3","0","4.42","24","0","0","0","2","0","0","53.0","218","44","26","26","9","20","0","3","0","0","40","14862"
"Jose Leclerc","Rangers","2","4","4.43","67","0","0","0","14","7","4","65.0","282","48","33","32","7","37","1","6","7","0","96","14524"
"Trevor Gott","Giants","7","0","4.44","50","0","0","0","1","1","1","52.2","214","41","26","26","4","17","0","2","1","0","57","15046"
"Andrew Miller","Cardinals","5","6","4.45","73","0","0","0","6","28","5","54.2","236","45","32","27","11","27","1","8","4","0","70","6785"
"Derek Law","Blue Jays","1","2","4.45","54","0","0","0","5","8","1","56.2","265","56","31","28","7","37","3","3","7","0","65","13133"
"Adam Cimber","Indians","6","3","4.45","68","0","0","0","1","19","2","56.2","244","56","29","28","6","19","2","4","0","0","41","15288"
"Jay Jackson","Brewers","1","0","4.45","28","0","0","0","0","2","0","30.1","132","22","15","15","6","18","1","2","0","0","47","7432"
"Hector Velazquez","Red Sox","0","1","4.46","26","0","0","0","0","1","1","34.1","150","37","23","17","4","15","0","2","1","0","33","19341"
"Jeff Brigham","Marlins","3","2","4.46","32","0","0","0","1","4","1","38.1","161","36","20","19","8","14","2","1","6","0","39","16631"
"Blaine Hardy","Tigers","1","1","4.47","39","0","0","0","0","7","0","44.1","182","38","24","22","10","13","0","0","3","0","29","6499"
"Kevin McCarthy","Royals","4","2","4.48","56","0","0","0","1","6","4","60.1","268","68","31","30","4","21","6","2","2","0","38","15240"
"Sam Freeman","Angels","0","0","4.50","1","0","0","0","0","0","0","2.0","11","3","1","1","1","2","0","0","0","0","0","6832"
"Alex Avila","Diamondbacks","0","0","4.50","2","0","0","0","0","0","0","2.0","8","2","1","1","0","1","0","0","0","0","1","7476"
"JC Ramirez","Angels","0","0","4.50","5","0","0","0","0","0","0","8.0","34","8","4","4","1","1","0","1","1","0","4","8302"
"Joel Payamps","Diamondbacks","0","0","4.50","2","0","0","0","0","0","0","4.0","17","4","2","2","0","3","0","0","0","0","3","14332"
"Adonis Rosa","Yankees","0","0","4.50","1","0","0","0","0","0","0","2.0","7","1","1","1","1","0","0","0","0","0","2","17942"
"Ty France","Padres","0","0","4.50","2","0","0","0","0","0","0","2.0","8","2","1","1","1","0","0","0","0","0","0","17982"
"Shane Bieber","Indians","0","0","4.50","1","0","0","0","0","0","0","2.0","8","2","1","1","0","0","0","1","0","0","2","19427"
"Michael Brosseau","Rays","0","0","4.50","3","0","0","0","0","0","0","4.0","18","5","2","2","1","0","0","1","0","0","0","19683"
"Anthony Kay","Blue Jays","1","0","4.50","1","0","0","0","0","0","0","4.0","18","4","2","2","0","1","0","0","1","0","3","20387"
"Manny Banuelos","White Sox","1","0","4.50","8","0","0","0","0","0","0","16.0","69","13","8","8","1","12","1","0","0","0","12","5365"
"Chase Anderson","Brewers","1","0","4.50","5","0","0","0","0","0","0","10.0","43","10","5","5","3","4","1","0","1","0","13","6895"
"Jairo Diaz","Rockies","6","4","4.53","56","0","0","0","5","7","3","57.2","245","56","34","29","7","19","0","2","4","0","63","12774"
"Derek Holland","- - -","1","0","4.53","43","0","0","0","0","2","1","47.2","208","44","28","24","9","21","1","2","1","0","40","4141"
"Greg Holland","Diamondbacks","1","2","4.54","40","0","0","0","17","0","5","35.2","152","25","18","18","5","24","2","0","6","0","41","7196"
"Wander Suero","Nationals","6","9","4.54","78","0","0","0","1","19","6","71.1","296","64","36","36","5","26","3","3","2","1","81","15855"
"Jose Alvarado","Rays","1","5","4.55","34","0","0","0","7","8","2","29.2","141","28","17","15","2","24","2","0","6","0","39","17780"
"Anthony Swarzak","- - -","3","4","4.56","59","0","0","0","4","17","3","53.1","234","52","30","27","12","27","3","0","2","0","52","7466"
"Joe Kelly","Dodgers","5","4","4.56","55","0","0","0","1","8","5","51.1","226","49","31","26","6","22","2","3","10","0","62","9761"
"Josh A. Smith","Red Sox","0","1","4.56","16","0","0","0","1","0","1","23.2","104","24","14","12","8","5","1","2","0","0","23","10946"
"Brandon Brennan","Mariners","3","6","4.56","44","0","0","0","0","8","2","47.1","196","34","25","24","6","24","4","0","6","0","47","13527"
"Wade LeBlanc","Mariners","4","3","4.57","18","0","0","0","0","0","0","84.2","354","86","44","43","16","22","1","1","0","0","62","5221"
"Mychal Givens","Orioles","2","6","4.57","58","0","0","0","11","7","8","63.0","260","49","35","32","13","26","1","2","5","0","86","10430"
"Paul Sewald","Mets","1","1","4.58","17","0","0","0","1","0","0","19.2","80","18","10","10","3","3","0","1","0","0","22","13892"
"Erick Fedde","Nationals","0","0","4.58","9","0","0","0","0","0","0","17.2","70","12","9","9","1","8","0","0","0","0","10","17425"
"Joe Biagini","- - -","3","2","4.59","63","0","0","0","1","10","2","64.2","281","71","35","33","14","26","3","1","3","0","60","13194"
"Sam Gaviglio","Blue Jays","4","2","4.61","52","0","0","0","0","3","0","95.2","392","85","51","49","18","22","0","4","0","1","88","12778"
"Mike Morin","- - -","1","3","4.62","52","0","0","0","1","8","1","50.2","210","46","29","26","6","10","0","4","2","0","26","13442"
"Framber Valdez","Astros","2","3","4.63","18","0","0","0","0","0","0","35.0","161","36","23","18","2","21","0","1","2","1","29","17295"
"Jake Diekman","- - -","1","7","4.65","76","0","0","0","0","31","2","62.0","282","49","34","32","3","39","1","11","6","0","84","5003"
"Brusdar Graterol","Twins","1","1","4.66","10","0","0","0","0","1","0","9.2","40","10","5","5","1","2","1","1","2","0","10","20367"
"Javy Guerra","- - -","3","1","4.66","51","0","0","0","2","5","0","67.2","287","67","36","35","10","17","3","1","3","0","57","7407"
"Josh Osich","White Sox","4","0","4.66","57","0","0","0","0","2","1","67.2","272","62","38","35","15","15","1","0","3","0","61","11528"
"Joel Kuhnel","Reds","1","0","4.66","11","0","0","0","0","1","0","9.2","42","8","5","5","1","5","0","0","0","0","9","19995"
"Miguel Castro","Orioles","1","3","4.66","65","0","0","0","2","9","3","73.1","319","63","42","38","10","41","3","0","11","2","71","15684"
"Robert Gsellman","Mets","2","3","4.66","52","0","0","0","1","7","4","63.2","277","64","36","33","7","23","2","6","4","0","60","13696"
"Colin Poche","Rays","5","5","4.70","51","0","0","0","2","16","4","51.2","207","33","27","27","9","19","1","5","2","0","72","19403"
"Matt Andriese","Diamondbacks","5","5","4.71","54","0","0","0","1","4","3","70.2","310","72","37","37","8","27","4","3","9","2","79","12022"
"Tony Sipp","Nationals","1","2","4.71","36","0","0","0","0","9","1","21.0","92","19","12","11","1","9","0","1","1","0","18","8280"
"Jace Fry","White Sox","3","4","4.75","68","0","0","0","0","11","2","55.0","251","44","33","29","7","43","3","3","4","0","68","16159"
"Jesus Tinoco","Rockies","0","3","4.75","24","0","0","0","1","2","0","36.0","161","36","23","19","12","22","1","1","1","0","28","16300"
"Juan Nicasio","Phillies","2","3","4.75","47","0","0","0","1","10","1","47.1","217","57","27","25","4","21","5","2","0","1","45","7731"
"Yoshihisa Hirano","Diamondbacks","5","5","4.75","62","0","0","0","1","15","5","53.0","233","51","31","28","7","22","2","3","2","0","61","19756"
"Joshua James","Astros","5","1","4.77","48","0","0","0","1","6","2","60.1","263","46","34","32","10","35","0","4","6","0","99","16794"
"Tanner Scott","Orioles","1","1","4.78","28","0","0","0","0","2","1","26.1","122","28","17","14","4","19","2","2","2","0","37","17586"
"Tommy Milone","Mariners","3","7","4.80","17","0","0","0","0","0","0","80.2","324","72","44","43","18","15","1","2","1","0","60","7608"
"Chris Flexen","Mets","0","2","4.82","8","0","0","0","0","0","0","9.1","46","8","6","5","1","9","1","0","1","0","10","13896"
"T.J. McFarland","Diamondbacks","0","0","4.82","51","0","0","0","0","9","0","56.0","250","71","35","30","6","20","5","1","1","0","35","3237"
"Chris Devenski","Astros","2","2","4.84","60","0","0","0","0","7","1","67.0","287","64","36","36","13","21","0","3","2","0","72","12763"
"Ryan Brasier","Red Sox","2","4","4.85","62","0","0","0","7","9","4","55.2","241","51","33","30","9","21","1","3","3","0","61","5615"
"Victor Alcantara","Tigers","3","2","4.85","46","0","0","0","0","10","3","42.2","182","45","25","23","8","15","0","2","3","0","24","15028"
"Dan Otero","Indians","0","0","4.85","25","0","0","0","0","1","0","29.2","131","42","17","16","6","3","0","1","1","0","16","7385"
"Chasen Bradford","Mariners","0","0","4.86","12","0","0","0","1","1","0","16.2","69","17","9","9","6","4","0","0","1","0","11","12452"
"Luke Bard","Angels","3","3","4.89","29","0","0","0","0","1","1","46.0","186","38","26","25","8","13","1","4","5","1","37","14288"
"Blake Treinen","Athletics","6","5","4.91","57","0","0","0","16","3","5","58.2","266","58","33","32","9","37","1","1","1","0","59","12572"
"Caleb Ferguson","Dodgers","1","1","4.91","44","0","0","0","0","4","0","40.1","183","35","24","22","6","23","2","6","1","0","51","19349"
"Allen Webster","Cubs","0","0","4.91","12","0","0","0","1","0","0","11.0","52","14","7","6","2","5","2","1","3","0","9","3993"
"Tim Peterson","Mets","0","0","4.91","6","0","0","0","0","0","0","7.1","35","7","4","4","1","7","1","1","3","0","3","13946"
"Tim Mayza","Blue Jays","1","3","4.91","68","0","0","0","0","18","1","51.1","227","45","29","28","8","27","2","1","4","0","55","15042"
"Robby Scott","Diamondbacks","1","0","4.91","11","0","0","0","0","0","0","7.1","37","8","4","4","1","7","0","0","0","0","9","13042"
"Chris Stratton","- - -","1","1","4.92","30","0","0","0","0","0","0","53.0","233","61","32","29","9","19","1","0","1","0","52","13761"
"Shawn Kelley","Rangers","5","2","4.94","50","0","0","0","11","6","4","47.1","205","55","27","26","12","11","2","2","2","0","43","7773"
"Trevor Cahill","Angels","2","4","4.96","26","0","0","0","0","0","0","49.0","220","56","30","27","9","21","0","3","9","0","38","6249"
"Kyle Crick","Pirates","3","7","4.96","52","0","0","0","0","13","6","49.0","226","41","30","27","10","35","1","7","1","0","61","13182"
"Yonny Chirinos","Rays","3","0","4.97","8","0","0","0","0","0","0","29.0","118","26","18","16","7","5","0","2","0","1","22","16401"
"Pedro Strop","Cubs","2","5","4.97","50","0","0","0","10","6","6","41.2","178","33","24","23","6","20","1","5","4","0","49","4070"
"Dan Winkler","Braves","3","1","4.98","27","0","0","0","0","6","1","21.2","93","18","14","12","5","11","0","1","1","0","22","12237"
"Reggie McClain","Mariners","1","1","5.00","12","0","0","0","0","0","1","18.0","78","16","10","10","2","10","0","0","1","0","11","19311"
"Pat Neshek","Phillies","0","1","5.00","20","0","0","0","3","6","0","18.0","79","23","11","10","5","2","0","0","0","0","9","4682"
"Joe Harvey","- - -","1","0","5.00","18","0","0","0","0","0","0","18.0","84","18","11","10","3","13","0","2","0","0","17","16459"
"Zac Rosscup","- - -","2","0","5.00","28","0","0","0","0","5","1","18.0","94","22","15","10","2","19","1","0","3","0","26","9419"
"Adrian Sampson","Rangers","3","1","5.01","20","0","0","0","0","0","0","46.2","206","51","27","26","7","17","1","3","2","1","34","13339"
"Zach Duke","Reds","3","1","5.01","30","0","0","0","0","4","0","23.1","106","21","13","13","4","18","1","2","0","0","18","3840"
"Jeremy Jeffress","Brewers","3","4","5.02","48","0","0","0","1","12","3","52.0","225","54","32","29","5","17","0","5","1","0","46","9490"
"D.J. Johnson","Rockies","0","2","5.04","28","0","0","0","0","4","0","25.0","116","23","14","14","1","19","2","3","4","0","24","12578"
"Gabriel Ynoa","Orioles","1","1","5.05","23","0","0","0","0","0","0","46.1","201","53","31","26","9","11","1","0","3","0","37","12938"
"Ray Black","- - -","0","1","5.06","17","0","0","0","0","2","2","16.0","70","14","9","9","5","9","0","1","0","0","18","14244"
"Luis Avilan","Mets","4","0","5.06","45","0","0","0","0","3","0","32.0","141","33","18","18","5","14","0","3","2","0","30","2882"
"Taylor Cole","Angels","3","2","5.08","32","0","0","0","0","4","0","44.1","196","46","26","25","2","21","4","2","3","0","42","11964"
"Travis Lakins","Red Sox","0","1","5.09","13","0","0","0","0","1","0","17.2","81","21","11","10","1","8","1","1","1","0","12","18600"
"Ryan Burr","White Sox","1","0","5.09","15","0","0","0","0","0","0","17.2","78","16","12","10","3","7","0","0","0","0","19","17536"
"Dustin May","Dodgers","1","1","5.11","10","0","0","0","0","4","1","12.1","52","12","7","7","1","2","0","3","0","0","15","19716"
"Matt Albers","Brewers","8","6","5.13","67","0","0","0","4","10","2","59.2","258","53","34","34","8","29","3","3","2","1","57","4300"
"Javier Guerra","Padres","0","0","5.19","8","0","0","0","0","0","0","8.2","36","7","5","5","3","3","0","0","0","0","6","17292"
"Daniel Zamora","Mets","0","1","5.19","17","0","0","0","0","0","0","8.2","41","10","5","5","1","5","1","1","0","0","8","17811"
"Heath Fillmyer","Royals","0","1","5.23","9","0","0","0","0","1","0","10.1","48","10","6","6","2","7","0","1","0","0","8","17466"
"Richard Bleier","Orioles","3","0","5.23","52","0","0","0","4","5","1","53.1","226","62","32","31","5","8","2","4","1","0","29","7803"
"Lou Trivino","Athletics","4","6","5.25","61","0","0","0","0","17","5","60.0","269","61","40","35","7","31","2","3","7","0","57","15043"
"Trey Wingenter","Padres","1","3","5.26","50","0","0","0","1","16","3","49.2","211","33","29","29","5","26","0","5","4","0","70","17793"
"Adam Warren","Padres","4","1","5.34","25","0","0","0","0","3","0","28.2","124","28","18","17","9","12","0","1","3","0","25","9029"
"Paul Fry","Orioles","1","9","5.34","66","0","0","0","3","11","5","57.1","255","54","39","34","7","29","1","6","2","0","55","15832"
"Elvis Luciano","Blue Jays","1","0","5.35","25","0","0","0","0","0","0","33.2","159","36","20","20","4","24","1","3","4","0","27","20632"
"Chad Bettis","Rockies","1","4","5.36","36","0","0","0","1","4","2","50.1","223","58","33","30","8","13","2","5","2","0","33","10587"
"Bryan Shaw","Rockies","3","2","5.38","70","0","0","0","1","12","5","72.0","311","69","44","43","12","29","1","5","1","0","58","8110"
"Austin Pruitt","Rays","3","0","5.40","12","0","0","0","0","0","0","36.2","154","39","22","22","6","11","2","0","1","0","29","15290"
"David Robertson","Phillies","0","1","5.40","7","0","0","0","0","2","0","6.2","33","8","4","4","1","6","0","0","0","0","6","8241"
"Nathan Eovaldi","Red Sox","1","0","5.40","11","0","0","0","0","4","1","13.1","61","17","8","8","1","4","0","1","3","0","18","9132"
"Brad Boxberger","Royals","1","3","5.40","29","0","0","0","1","0","3","26.2","122","25","16","16","3","17","0","1","1","0","27","10133"
"Robbie Erlin","Padres","0","0","5.40","36","0","0","0","0","5","1","53.1","241","69","35","32","6","14","0","1","3","0","50","10354"
"Cody Anderson","Indians","0","0","5.40","3","0","0","0","0","0","1","5.0","23","7","3","3","0","2","0","0","2","0","5","12799"
"Junior Fernandez","Cardinals","0","1","5.40","13","0","0","0","0","0","3","11.2","54","9","7","7","2","6","0","4","2","0","16","18496"
"Locke St. John","Rangers","0","0","5.40","7","0","0","0","0","2","0","6.2","33","7","4","4","0","4","0","0","0","0","5","16850"
"Dillon Maples","Cubs","1","0","5.40","14","0","0","0","0","0","0","11.2","54","6","7","7","2","10","0","4","0","0","18","14672"
"Duane Underwood Jr.","Cubs","0","0","5.40","12","0","0","0","0","0","0","11.2","51","13","7","7","2","3","0","1","1","0","13","14677"
"David Carpenter","Rangers","0","0","5.40","4","0","0","0","0","0","0","3.1","19","4","4","2","0","4","0","0","0","0","2","3959"
"Humberto Arteaga","Royals","0","0","5.40","1","0","0","0","0","0","0","1.2","8","2","1","1","1","1","0","0","0","0","0","13595"
"Edubray Ramos","Phillies","1","0","5.40","20","0","0","0","0","2","2","15.0","69","19","10","9","5","7","1","1","3","0","11","16086"
"Wes Parsons","- - -","1","2","5.45","32","0","0","0","0","2","0","34.2","157","32","24","21","6","29","2","2","2","0","26","14764"
"Brad Brach","- - -","5","4","5.47","58","0","0","0","0","6","3","54.1","242","57","33","33","4","31","2","1","3","0","60","6627"
"David McKay","- - -","0","0","5.47","25","0","0","0","0","1","1","26.1","115","20","17","16","3","17","1","1","2","0","34","19814"
"Cy Sneed","Astros","0","1","5.48","8","0","0","0","0","0","0","21.1","93","26","13","13","5","5","0","0","0","0","23","16106"
"Burch Smith","- - -","0","1","5.48","17","0","0","0","0","0","1","21.1","106","26","14","13","3","14","2","1","1","0","20","12784"
"Travis Bergen","Giants","2","0","5.49","21","0","0","0","0","0","0","19.2","85","18","12","12","4","9","2","1","1","1","18","18581"
"Chris Mazza","Mets","1","1","5.51","9","0","0","0","0","0","0","16.1","74","21","10","10","0","5","0","4","0","0","11","14151"
"Dan Altavilla","Mariners","2","1","5.52","17","0","0","0","0","1","2","14.2","64","9","9","9","1","12","1","0","2","0","18","16507"
"Dominic Leone","Cardinals","1","0","5.53","40","0","0","0","1","0","1","40.2","180","39","28","25","9","22","2","0","1","0","46","13763"
"Carson Fulmer","White Sox","1","1","5.55","18","0","0","0","0","1","0","24.1","117","22","17","15","4","17","0","3","1","0","21","18311"
"Hunter Strickland","- - -","2","1","5.55","28","0","0","0","2","10","1","24.1","105","22","15","15","6","8","0","3","1","0","18","7836"
"Justin Anderson","Angels","3","0","5.55","54","0","0","0","1","11","1","47.0","217","42","32","29","6","32","0","1","4","0","60","16201"
"Yency Almonte","Rockies","0","1","5.56","28","0","0","0","0","1","1","34.0","157","39","22","21","7","14","0","1","1","0","29","15068"
"Clay Holmes","Pirates","1","2","5.58","35","0","0","0","0","1","1","50.0","240","45","36","31","5","36","1","9","4","0","56","13649"
"Edwin Diaz","Mets","2","7","5.59","66","0","0","0","26","1","7","58.0","254","58","36","36","15","22","3","4","3","0","99","14710"
"Dylan Covey","White Sox","0","1","5.59","6","0","0","0","0","0","1","9.2","52","14","7","6","1","3","1","3","0","0","5","14825"
"Nestor Cortes","Yankees","5","1","5.60","32","0","0","0","0","1","1","64.1","285","69","40","40","16","27","1","1","1","0","67","17874"
"Tom Eshelman","Orioles","1","0","5.60","6","0","0","0","0","0","0","17.2","80","23","12","11","5","5","1","1","0","0","7","18361"
"Kyle Barraclough","- - -","1","2","5.61","43","0","0","0","0","8","3","33.2","164","38","24","21","9","21","2","2","3","1","40","13713"
"Neil Ramirez","- - -","0","1","5.63","21","0","0","0","0","2","0","24.0","109","26","16","15","7","15","0","0","1","0","24","7677"
"Matthew Festa","Mariners","0","2","5.64","20","0","0","0","0","3","2","22.1","101","20","15","14","5","12","1","2","1","0","21","19330"
"Ian Gibaut","- - -","1","1","5.65","10","0","0","0","0","0","0","14.1","64","12","9","9","1","10","1","1","1","0","16","17871"
"Fernando Rodney","- - -","0","5","5.66","55","0","0","0","2","17","4","47.2","210","49","31","30","5","28","1","0","6","0","49","494"
"Mike Montgomery","Cubs","1","2","5.67","20","0","0","0","0","3","1","27.0","123","35","18","17","6","13","1","0","0","0","18","4869"
"Wandy Peralta","- - -","1","1","5.67","47","0","0","0","0","3","1","39.2","172","40","25","25","11","16","3","2","0","0","32","14295"
"Jacob Waguespack","Blue Jays","1","0","5.68","3","0","0","0","0","0","0","12.2","55","12","9","8","3","4","0","1","0","0","13","18318"
"Lewis Thorpe","Twins","3","1","5.68","10","0","0","0","0","0","2","19.0","84","26","12","12","0","4","0","0","2","0","18","15906"
"Michael Wacha","Cardinals","1","0","5.68","5","0","0","0","0","0","0","12.2","59","19","8","8","4","4","0","0","0","0","12","14078"
"Jeurys Familia","Mets","4","2","5.70","66","0","0","0","0","14","4","60.0","274","62","39","38","7","42","4","3","3","0","63","5114"
"Stephen Tarpley","Yankees","1","0","5.70","20","0","0","0","2","2","0","23.2","113","30","16","15","3","15","1","2","5","1","34","15859"
"Brad Wieck","- - -","2","2","5.71","44","0","0","0","0","9","2","34.2","148","28","23","22","8","13","0","3","1","0","49","16390"
"Shawn Armstrong","- - -","1","1","5.74","55","0","0","0","4","9","5","58.0","271","66","38","37","8","29","1","4","4","1","63","12857"
"Josh Lucas","Orioles","0","0","5.74","9","0","0","0","1","0","0","15.2","69","14","12","10","2","7","0","0","0","0","16","11686"
"Jose Quijada","Marlins","2","3","5.76","34","0","0","0","1","4","1","29.2","144","27","20","19","10","26","3","4","2","0","44","19200"
"Edgar Garcia","Phillies","2","0","5.77","37","0","0","0","0","2","0","39.0","172","38","25","25","11","26","2","0","4","0","45","19276"
"Jorge Lopez","Royals","1","1","5.79","21","0","0","0","1","0","1","37.1","162","42","27","24","6","11","0","0","1","0","38","14527"
"Yohander Mendez","Rangers","1","0","5.79","3","0","0","0","0","0","0","4.2","21","4","3","3","2","5","0","0","0","0","8","14391"
"Wily Peralta","Royals","2","4","5.80","42","0","0","0","2","5","3","40.1","176","45","28","26","7","19","1","2","0","0","24","7738"
"Taylor Guerrieri","Rangers","0","0","5.81","20","0","0","0","0","3","0","26.1","123","26","19","17","3","22","0","2","2","0","27","13616"
"Rookie Davis","Pirates","0","0","5.87","4","0","0","0","0","0","0","7.2","33","8","5","5","2","3","0","0","0","0","8","14962"
"Drew VerHagen","Tigers","2","1","5.87","18","0","0","0","0","1","0","38.1","167","42","25","25","5","17","1","3","3","0","29","13424"
"Jose Ruiz","White Sox","1","4","5.87","39","0","0","0","0","1","1","38.1","190","53","27","25","6","24","2","2","4","0","34","14552"
"Jimmie Sherfy","Diamondbacks","1","0","5.89","17","0","0","0","1","0","1","18.1","83","23","12","12","4","5","0","1","0","1","22","15118"
"Eduardo Jimenez","Tigers","0","0","5.91","8","0","0","0","0","0","0","10.2","49","12","7","7","1","5","0","0","1","0","8","19642"
"Branden Kline","Orioles","1","4","5.93","34","0","0","0","0","5","1","41.0","183","44","28","27","9","19","0","1","3","0","34","14101"
"Tom Murphy","Mariners","0","0","6.00","3","0","0","0","0","0","0","3.0","11","1","2","2","0","1","0","0","0","0","2","13499"
"Justus Sheffield","Mariners","0","0","6.00","1","0","0","0","0","0","0","3.0","14","2","2","2","1","4","0","0","0","0","3","17285"
"Tyler Alexander","Tigers","0","0","6.00","5","0","0","0","0","0","0","12.0","50","12","8","8","3","2","0","0","0","0","12","17735"
"Cole Irvin","Phillies","0","0","6.00","13","0","0","0","1","0","0","24.0","105","28","16","16","4","8","1","2","1","0","18","19244"
"Shaun Anderson","Giants","0","1","6.08","12","0","0","0","2","1","0","13.1","59","14","9","9","1","7","1","0","0","0","15","19453"
"Steven Brault","Pirates","1","1","6.11","6","0","0","0","0","0","0","17.2","78","17","12","12","2","11","0","1","0","0","14","15291"
"Phil Maton","- - -","0","0","6.14","30","0","0","0","0","2","0","36.2","163","38","27","25","7","12","0","2","3","0","33","18064"
"Kelvin Herrera","White Sox","3","3","6.14","57","0","0","0","1","6","2","51.1","235","60","36","35","8","23","6","1","8","2","53","6033"
"Brooks Pounders","Mets","1","0","6.14","7","0","0","0","0","0","0","7.1","34","9","5","5","1","2","0","1","1","0","5","10387"
"Chad Sobotka","Braves","0","0","6.21","32","0","0","0","0","6","0","29.0","134","28","22","20","6","19","0","3","3","1","38","17470"
"Tyler Beede","Giants","0","1","6.23","2","0","0","0","0","0","0","4.1","26","7","3","3","0","6","0","0","1","0","7","16981"
"John Schreiber","Tigers","2","0","6.23","13","0","0","0","0","1","1","13.0","59","16","9","9","3","4","0","1","1","0","19","20020"
"Tayron Guerrero","Marlins","1","2","6.26","52","0","0","0","0","6","4","46.0","216","42","34","32","7","36","0","6","9","0","43","11691"
"Cody Allen","Angels","0","2","6.26","25","0","0","0","4","0","0","23.0","116","24","16","16","9","20","0","0","3","0","29","12183"
"Drew Steckenrider","Marlins","0","2","6.28","15","0","0","0","0","3","1","14.1","58","9","10","10","6","5","0","1","0","0","14","18806"
"Jonathan Holder","Yankees","5","2","6.28","33","0","0","0","0","4","2","38.2","170","40","30","27","8","11","1","2","0","0","44","16588"
"Nick Kingham","- - -","4","1","6.30","21","0","0","0","1","0","0","40.0","180","52","28","28","7","18","1","0","3","0","30","11694"
"JT Chargois","Dodgers","1","0","6.33","21","0","0","0","0","0","0","21.1","88","21","16","15","4","5","2","2","0","0","28","13767"
"Ryne Stanek","- - -","0","3","6.35","36","0","0","0","1","7","4","34.0","158","32","27","24","8","25","3","0","4","0","40","15947"
"Tyler Lyons","- - -","1","2","6.39","14","0","0","0","0","1","0","12.2","54","13","9","9","4","5","2","1","0","0","17","11334"
"Josh D. Smith","- - -","0","0","6.39","14","0","0","0","0","0","0","12.2","64","11","9","9","0","11","2","3","0","0","14","13629"
"Jeffrey Springs","Rangers","4","1","6.40","25","0","0","0","0","1","0","32.1","155","38","23","23","4","23","0","0","0","0","32","17677"
"Enyel De Los Santos","Phillies","0","0","6.43","4","0","0","0","0","0","0","7.0","28","6","5","5","3","2","0","0","0","0","7","18403"
"Sean Reid-Foley","Blue Jays","0","1","6.43","3","0","0","0","0","0","0","7.0","32","7","5","5","2","5","0","0","0","0","8","17034"
"Dillon Tate","Orioles","0","2","6.43","16","0","0","0","0","1","0","21.0","93","18","15","15","3","9","0","5","2","0","20","17796"
"Evan Phillips","Orioles","0","1","6.43","25","0","0","0","0","3","0","28.0","140","32","20","20","2","20","0","5","2","0","40","17734"
"Adam Conley","Marlins","2","11","6.53","60","0","0","0","2","6","2","60.2","283","76","45","44","10","29","6","3","2","0","53","14457"
"Austin Davis","Phillies","0","0","6.53","14","0","0","0","0","0","0","20.2","98","22","15","15","6","14","1","3","0","0","24","17117"
"Craig Kimbrel","Cubs","0","4","6.53","23","0","0","0","13","0","3","20.2","96","21","15","15","9","12","0","2","0","0","30","6655"
"Dereck Rodriguez","Giants","1","1","6.53","12","0","0","0","0","0","0","20.2","92","23","15","15","3","7","0","1","0","0","15","14509"
"David Bednar","Padres","0","2","6.55","13","0","0","0","0","2","0","11.0","48","10","8","8","3","5","0","0","0","0","14","19569"
"David Hess","Orioles","0","0","6.57","9","0","0","0","0","0","0","12.1","58","16","10","9","4","5","0","2","0","0","10","16130"
"Wei-Yin Chen","Marlins","0","1","6.59","45","0","0","0","0","3","0","68.1","307","87","54","50","15","18","2","5","2","0","63","13071"
"Carlos Carrasco","Indians","2","1","6.60","11","0","0","0","1","0","1","15.0","66","18","11","11","4","5","0","1","1","0","17","6632"
"Adalberto Mejia","- - -","0","2","6.61","35","0","0","0","0","4","1","31.1","145","33","25","23","4","21","0","0","3","0","30","13188"
"Mike Mayers","Cardinals","0","1","6.63","16","0","0","0","0","1","0","19.0","88","21","14","14","3","11","2","1","1","0","16","15451"
"Sam Howard","Rockies","2","0","6.63","20","0","0","0","0","0","0","19.0","91","21","16","14","5","10","0","3","2","0","23","16265"
"Matt Grace","Nationals","1","2","6.65","50","0","0","0","0","4","0","44.2","200","61","34","33","11","10","0","2","1","0","32","11449"
"Anthony Banda","Rays","0","0","6.75","3","0","0","0","0","0","0","4.0","18","6","3","3","0","0","0","0","0","0","2","14706"
"Kohl Stewart","Twins","1","1","6.75","7","0","0","0","0","1","0","13.1","57","15","10","10","2","3","0","1","2","0","7","15502"
"Shelby Miller","Rangers","0","0","6.75","11","0","0","0","0","1","1","14.2","69","19","14","11","3","6","0","1","0","0","10","10197"
"Steve Wilkerson","Orioles","0","0","6.75","4","0","0","0","1","0","0","5.1","22","6","4","4","2","0","0","0","0","0","1","16041"
"Jake Faria","- - -","0","1","6.75","16","0","0","0","0","2","0","18.2","95","28","15","14","5","12","0","1","3","0","19","13699"
"Jimmy Yacabonis","Orioles","1","1","6.75","25","0","0","0","0","3","0","33.1","158","43","26","25","7","19","0","2","3","0","29","15157"
"Tony Barnette","Cubs","0","0","6.75","2","0","0","0","0","0","0","1.1","5","2","1","1","1","0","0","0","0","0","0","3555"
"Fernando Salas","Phillies","0","0","6.75","3","0","0","0","0","0","0","2.2","15","8","2","2","1","0","0","0","0","0","3","4971"
"Jacob Barnes","- - -","1","5","6.82","32","0","0","0","0","1","0","31.2","152","34","27","24","6","19","1","0","2","0","29","12323"
"Jake Jewell","Angels","0","0","6.84","18","0","0","0","0","1","0","26.1","114","28","20","20","8","8","0","3","0","0","23","16958"
"Yefry Ramirez","- - -","0","1","6.86","12","0","0","0","0","0","0","21.0","100","24","19","16","3","12","0","4","1","0","24","15655"
"Peter Fairbanks","- - -","2","3","6.86","21","0","0","0","2","3","0","21.0","99","25","20","16","5","10","0","0","2","0","28","17998"
"Yacksel Rios","- - -","1","0","6.92","14","0","0","0","0","1","0","13.0","65","16","13","10","4","8","0","3","1","1","12","15007"
"Tyler Bashlor","Mets","0","3","6.95","24","0","0","0","0","1","3","22.0","103","21","17","17","6","17","2","0","0","0","20","15203"
"Matt Wisler","- - -","3","4","6.97","36","0","0","0","0","8","3","41.1","190","52","34","32","10","15","0","0","3","1","53","12804"
"Kyle Dowdy","Rangers","2","1","6.98","12","0","0","0","0","0","1","19.1","94","22","17","15","3","15","1","1","3","0","15","19285"
"Austin Adams","- - -","0","0","7.02","15","0","0","0","0","0","0","16.2","80","18","13","13","4","13","1","0","0","0","14","7411"
"Hector Santiago","- - -","1","0","7.03","17","0","0","0","0","0","0","24.1","119","31","19","19","6","17","0","0","0","0","31","4026"
"A.J. Minter","Braves","3","4","7.06","36","0","0","0","5","5","2","29.1","147","36","23","23","3","23","5","1","5","0","35","18655"
"Fernando Romero","Twins","0","1","7.07","15","0","0","0","0","1","0","14.0","72","19","12","11","2","11","1","1","5","0","18","15885"
"Miguel Diaz","Padres","0","0","7.11","5","0","0","0","0","1","0","6.1","29","9","5","5","1","1","0","2","1","0","4","18815"
"Mike Dunn","Rockies","1","0","7.13","28","0","0","0","0","2","1","17.2","75","17","14","14","4","6","0","0","2","0","15","9948"
"Michael Blazek","Nationals","0","0","7.20","4","0","0","0","0","0","0","5.0","26","6","4","4","1","5","0","0","0","0","0","9654"
"Jaime Schultz","Dodgers","0","0","7.20","4","0","0","0","0","0","0","5.0","22","6","4","4","1","3","0","0","0","0","3","15066"
"Dennis Santana","Dodgers","0","0","7.20","3","0","0","0","0","0","0","5.0","27","6","4","4","1","4","0","2","1","0","6","17878"
"Brian Johnson","Red Sox","1","1","7.27","14","0","0","0","0","0","0","17.1","85","21","14","14","3","12","3","0","0","0","16","14272"
"Aaron Wilkerson","Brewers","0","0","7.31","8","0","0","0","0","0","0","16.0","80","25","13","13","4","9","1","0","0","0","11","16904"
"Hoby Milner","Rays","0","0","7.36","4","0","0","0","0","1","0","3.2","17","4","3","3","0","1","0","1","0","0","3","13346"
"Keury Mella","Reds","0","0","7.36","2","0","0","0","0","0","0","3.2","18","5","3","3","0","2","1","0","0","0","4","15964"
"Gabe Speier","Royals","0","0","7.36","9","0","0","0","0","1","0","7.1","33","5","6","6","2","6","0","0","1","0","10","17170"
"Phillip Diehl","Rockies","0","0","7.36","10","0","0","0","0","0","0","7.1","35","10","6","6","1","2","0","1","1","0","8","20030"
"Carlos Torres","Tigers","0","0","7.50","4","0","0","0","0","0","0","6.0","29","9","5","5","2","1","0","1","1","0","8","7624"
"Drew Anderson","Phillies","0","0","7.50","2","0","0","0","0","0","0","6.0","30","6","5","5","1","6","2","0","0","0","6","15130"
"Sean Poppen","Twins","0","0","7.56","4","0","0","0","0","0","0","8.1","36","10","7","7","1","5","0","0","0","0","9","19583"
"Martin Perez","Twins","1","0","7.56","3","0","0","0","0","0","0","8.1","45","11","8","7","0","9","1","0","0","0","12","6902"
"Daniel Mengden","Athletics","0","0","7.59","4","0","0","0","1","0","0","10.2","51","15","9","9","2","6","0","0","0","0","7","16980"
"Gerardo Reyes","Padres","4","0","7.62","27","0","0","0","0","1","1","26.0","117","24","22","22","3","11","1","3","3","0","38","16306"
"Jordan Romano","Blue Jays","0","2","7.63","17","0","0","0","0","5","0","15.1","75","17","14","13","4","9","0","4","0","0","21","16122"
"Richard Lovelady","Royals","0","3","7.65","25","0","0","0","0","2","1","20.0","96","30","17","17","2","8","2","1","1","0","17","19337"
"Tyler Thornburg","Red Sox","0","0","7.71","16","0","0","0","0","0","0","18.2","86","21","16","16","4","10","0","1","1","0","22","10688"
"Bryse Wilson","Braves","0","0","7.71","2","0","0","0","0","0","0","2.1","11","4","2","2","1","0","0","0","0","0","1","19990"
"Sal Romano","Reds","1","0","7.71","12","0","0","0","2","1","0","16.1","77","22","14","14","4","8","1","1","1","0","16","13690"
"Matt Hall","Tigers","0","1","7.71","16","0","0","0","0","0","1","23.1","113","28","20","20","4","15","1","1","1","0","27","18076"
"Corbin Burnes","Brewers","1","3","7.76","28","0","0","0","1","4","0","31.1","145","40","31","27","6","12","0","0","1","0","46","19361"
"Parker Markel","- - -","0","1","7.77","20","0","0","0","0","0","0","22.0","110","26","21","19","6","17","1","3","2","1","24","12106"
"Kyle Bird","Rangers","0","0","7.82","12","0","0","0","1","0","0","12.2","65","11","11","11","5","15","0","2","2","1","10","16618"
"Luis Escobar","Pirates","0","0","7.94","4","0","0","0","0","0","0","5.2","29","10","5","5","1","4","0","1","1","0","2","17345"
"Luke Gregerson","Cardinals","0","0","7.94","6","0","0","0","0","0","0","5.2","27","11","5","5","0","1","0","0","0","0","2","4090"
"Zac Reininger","Tigers","0","2","7.96","24","0","0","0","0","1","0","26.0","128","39","24","23","10","15","1","0","1","0","15","15285"
"Mike Wright Jr.","- - -","0","1","7.98","19","0","0","0","1","0","1","29.1","147","44","30","26","6","12","1","2","2","0","30","12586"
"Josh Sborz","Dodgers","0","1","8.00","7","0","0","0","0","0","0","9.0","40","10","8","8","2","4","0","0","0","0","7","18323"
"David Hernandez","Reds","2","5","8.02","47","0","0","0","2","12","3","42.2","198","53","39","38","7","20","3","1","1","0","53","4259"
"Roman Quinn","Phillies","0","1","8.10","2","0","0","0","0","0","0","3.1","19","7","3","3","0","3","1","0","0","0","1","13546"
"Jeanmar Gomez","Rangers","1","0","8.22","16","0","0","0","0","0","0","15.1","73","23","15","14","2","6","0","1","2","0","10","9033"
"Reed Garrett","Tigers","0","0","8.22","13","0","0","0","0","0","1","15.1","77","24","15","14","3","13","0","1","0","0","10","16866"
"Nick Tropeano","Angels","0","0","8.31","2","0","0","0","0","0","0","8.2","41","12","8","8","5","3","0","1","0","0","7","12385"
"Jose Suarez","Angels","0","0","8.36","4","0","0","0","0","0","0","14.0","68","20","13","13","4","7","0","1","1","0","12","19911"
"Jesse Biddle","- - -","0","1","8.36","30","0","0","0","0","1","1","28.0","152","42","33","26","5","22","1","4","7","0","26","11437"
"Drew Gagnon","Mets","3","1","8.37","18","0","0","0","0","0","1","23.2","117","34","26","22","11","7","0","2","2","0","17","12545"
"Bobby Poyner","Red Sox","0","1","8.38","12","0","0","0","0","0","0","9.2","43","10","9","9","2","5","0","1","0","0","9","17987"
"Alex McRae","Pirates","0","3","8.41","9","0","0","0","0","0","0","20.1","101","27","21","19","8","12","1","3","2","0","18","16317"
"Carl Edwards Jr.","- - -","1","1","8.47","22","0","0","0","0","4","2","17.0","78","12","17","16","3","13","0","1","4","1","19","13607"
"Steven Wright","Red Sox","0","1","8.53","6","0","0","0","0","0","0","6.1","33","11","6","6","3","4","0","1","0","0","5","8185"
"Chance Adams","Yankees","1","1","8.53","13","0","0","0","1","0","0","25.1","124","39","25","24","7","11","0","2","1","1","23","18135"
"Trevor Kelley","Red Sox","0","3","8.64","10","0","0","0","0","0","0","8.1","40","9","8","8","2","5","0","0","2","0","6","18454"
"Wade Davis","Rockies","1","6","8.65","50","0","0","0","15","0","3","42.2","206","51","42","41","7","29","0","2","1","0","42","7441"
"Edwin Jackson","- - -","1","1","8.76","5","0","0","0","0","0","0","12.1","59","18","12","12","6","8","0","0","2","0","7","1841"
"Josh Rogers","Orioles","0","1","8.79","5","0","0","0","0","0","0","14.1","69","18","14","14","7","6","0","4","0","0","5","18510"
"Jaime Barria","Angels","2","3","8.87","6","0","0","0","0","0","0","22.1","107","34","22","22","5","8","0","1","0","0","19","18356"
"Jeff Mathis","Rangers","0","0","9.00","2","0","0","0","0","0","0","2.0","9","3","2","2","1","0","0","0","0","0","1","3448"
"Jeremy Hellickson","Nationals","0","0","9.00","1","0","0","0","0","0","0","2.0","9","3","2","2","1","0","0","0","0","0","0","4371"
"Eduardo Nunez","Red Sox","0","0","9.00","1","0","0","0","0","0","0","1.0","4","1","1","1","1","0","0","0","0","0","0","6848"
"Tim Federowicz","Rangers","0","0","9.00","1","0","0","0","0","0","0","1.0","6","3","1","1","1","0","0","0","0","0","0","8609"
"Kendrys Morales","Athletics","0","0","9.00","1","0","0","0","0","0","0","1.0","7","1","1","1","0","2","0","1","0","0","0","8610"
"Chris Davis","Orioles","0","0","9.00","1","0","0","0","0","0","0","1.0","5","2","1","1","1","0","0","0","0","0","1","9272"
"Mike Freeman","Indians","0","0","9.00","1","0","0","0","0","0","0","2.0","8","2","2","2","1","0","0","0","0","0","0","11241"
"Aaron Altherr","Phillies","0","0","9.00","1","0","0","0","0","0","0","1.0","5","2","1","1","0","0","0","0","0","0","2","11270"
"Jerad Eickhoff","Phillies","0","0","9.00","2","0","0","0","1","0","0","5.0","25","9","5","5","2","1","0","0","0","0","7","12664"
"Paul Blackburn","Athletics","0","1","9.00","3","0","0","0","0","0","0","8.0","39","14","9","8","2","1","0","0","1","0","4","14739"
"Joe Mantiply","Yankees","1","0","9.00","1","0","0","0","0","0","0","3.0","14","3","3","3","1","2","0","0","0","0","2","14857"
"Victor Caratini","Cubs","0","0","9.00","2","0","0","0","0","0","0","2.0","9","2","2","2","1","1","0","0","0","0","0","14968"
"Brandon Dixon","Tigers","0","0","9.00","2","0","0","0","0","0","0","2.0","9","1","2","2","1","0","0","2","0","0","1","15214"
"Eric Skoglund","Royals","0","0","9.00","2","0","0","0","0","0","0","5.0","23","7","5","5","1","1","0","0","0","0","1","16155"
"Sandy Baez","Tigers","0","0","9.00","1","0","0","0","0","0","0","1.0","5","2","1","1","0","0","0","0","0","0","0","17754"
"Rico Garcia","Rockies","0","0","9.00","1","0","0","0","0","0","0","1.0","5","2","1","1","0","0","0","0","0","0","0","20023"
"Jose Urena","Marlins","0","3","9.00","11","0","0","0","3","0","2","10.0","47","14","10","10","3","3","0","0","1","0","11","11589"
"Geoff Hartlieb","Pirates","0","1","9.00","29","0","0","0","0","2","0","35.0","171","52","35","35","8","18","0","0","5","1","38","19558"
"Thyago Vieira","White Sox","1","0","9.00","6","0","0","0","0","0","0","7.0","37","11","8","7","0","5","0","0","0","0","8","14510"
"Chasen Shreve","Cardinals","1","0","9.00","3","0","0","0","0","1","0","2.0","10","2","2","2","0","1","0","1","0","0","2","10855"
"Matt Koch","Diamondbacks","0","0","9.15","9","0","0","0","0","0","0","20.2","96","29","21","21","8","4","0","5","1","0","9","13420"
"Ruben Alaniz","- - -","1","0","9.19","12","0","0","0","0","0","0","15.2","71","19","17","16","3","7","0","0","0","1","13","10819"
"Montana DuRapau","Pirates","0","0","9.20","12","0","0","0","0","0","0","14.2","76","23","21","15","3","7","0","2","0","0","17","16768"
"Seunghwan Oh","Rockies","3","1","9.33","21","0","0","0","0","3","1","18.1","88","29","19","19","6","6","0","0","2","0","16","18719"
"Nick Burdi","Pirates","2","1","9.35","11","0","0","0","0","0","1","8.2","40","11","9","9","1","3","0","0","1","0","17","16074"
"Elieser Hernandez","Marlins","0","1","9.39","6","0","0","0","0","0","0","7.2","38","11","8","8","3","4","0","0","0","0","7","16933"
"Alex Wilson","Brewers","1","1","9.53","13","0","0","0","1","1","0","11.1","57","15","12","12","3","9","2","0","2","0","13","9239"
"Drew Smyly","Rangers","0","1","9.56","4","0","0","0","1","0","0","16.0","80","21","18","17","7","10","0","0","0","0","15","11760"
"Shane Carle","Braves","0","0","9.64","6","0","0","0","0","0","0","9.1","49","11","10","10","3","9","2","3","0","0","6","15258"
"Adam Plutko","Indians","0","0","9.64","1","0","0","0","0","0","0","4.2","23","9","5","5","0","1","0","0","0","0","1","15846"
"Michael Shawaryn","Red Sox","0","0","9.74","14","0","0","0","0","0","0","20.1","103","26","22","22","5","13","0","5","1","0","29","19495"
"Kyle McGowin","Nationals","0","0","9.75","6","0","0","0","1","0","0","12.0","56","16","14","13","5","3","0","1","4","0","16","15071"
"Taylor Williams","Brewers","1","1","9.82","10","0","0","0","0","0","1","14.2","73","22","17","16","1","7","2","2","1","0","15","14899"
"Brock Stewart","- - -","4","0","9.82","13","0","0","0","0","0","0","25.2","124","37","29","28","11","8","0","3","2","0","19","16727"
"Ross Detwiler","White Sox","0","0","9.95","6","0","0","0","0","0","0","12.2","61","21","15","14","5","5","0","0","0","0","8","2859"
"Cionel Perez","Astros","1","1","10.00","5","0","0","0","0","0","0","9.0","40","11","10","10","3","2","0","0","0","0","7","19614"
"Walker Lockett","Mets","0","0","10.13","5","0","0","0","0","0","0","5.1","26","10","6","6","3","1","0","0","0","0","3","13804"
"Robert Stock","Padres","1","0","10.13","10","0","0","0","0","0","1","10.2","56","14","14","12","2","8","0","1","4","0","15","6576"
"Brady Lail","Yankees","0","0","10.13","1","0","0","0","0","0","0","2.2","10","2","3","3","1","1","0","0","0","0","2","14707"
"Caleb Frare","White Sox","0","0","10.13","5","0","0","0","0","0","0","2.2","14","2","3","3","1","4","0","0","2","0","3","14353"
"Gerson Bautista","Mariners","0","0","10.29","6","0","0","0","0","0","0","7.0","35","9","8","8","2","5","0","0","2","1","5","19256"
"Trevor Hildenberger","Twins","2","2","10.47","22","0","0","0","1","6","0","16.1","88","30","19","19","2","7","0","3","1","0","15","17002"
"Dovydas Neverauskas","Pirates","0","0","10.61","10","0","0","0","0","1","0","9.1","53","15","11","11","2","7","1","2","1","0","10","11604"
"Miguel Del Pozo","Angels","1","1","10.61","17","0","0","0","0","0","0","9.1","45","10","11","11","3","8","0","0","0","0","11","18792"
"Kyle Zimmer","Royals","0","1","10.80","15","0","0","0","0","0","0","18.1","102","28","22","22","2","19","0","0","2","0","18","14169"
"Stephen Nogosek","Mets","0","1","10.80","7","0","0","0","0","0","0","6.2","34","12","8","8","2","2","0","0","0","0","6","19545"
"Joe Ross","Nationals","0","2","11.17","18","0","0","0","0","2","2","19.1","103","31","26","24","4","11","1","4","2","0","19","12972"
"Reymin Guduan","Astros","1","0","11.81","7","0","0","0","0","0","1","5.1","27","8","7","7","3","4","0","0","0","0","6","13058"
"Erasmo Ramirez","Red Sox","0","0","12.00","1","0","0","0","0","0","0","3.0","15","4","4","4","2","1","0","1","0","0","1","10314"
"Ryan Garton","Mariners","0","0","12.00","2","0","0","0","0","0","0","3.0","14","4","4","4","2","1","0","0","0","0","1","14016"
"Corey Oswalt","Mets","0","1","12.15","2","0","0","0","0","0","0","6.2","34","9","9","9","1","6","1","0","0","0","5","13677"
"Bryan Garcia","Tigers","0","0","12.15","7","0","0","0","0","1","1","6.2","33","9","9","9","1","5","1","0","1","0","7","19457"
"Nick Margevicius","Padres","0","0","12.27","5","0","0","0","0","0","0","3.2","19","6","5","5","0","2","0","0","0","0","4","20395"
"Jonny Venters","- - -","0","1","12.38","12","0","0","0","1","2","1","8.0","49","12","16","11","3","10","1","2","0","0","12","7175"
"Ryan Dull","- - -","0","0","12.79","11","0","0","0","0","1","0","12.2","71","25","19","18","5","7","0","1","1","0","15","13974"
"Tayler Scott","- - -","0","0","13.20","11","0","0","0","0","0","0","15.0","83","29","24","22","6","7","0","4","2","0","13","13652"
"Jordan Montgomery","Yankees","0","0","13.50","1","0","0","0","0","0","0","2.0","10","4","3","3","1","0","0","0","0","0","2","16511"
"Adrian Morejon","Padres","0","0","13.50","3","0","0","0","0","0","0","4.0","22","10","6","6","1","0","0","0","0","0","6","20039"
"Trevor Rosenthal","- - -","0","1","13.50","22","0","0","0","0","2","0","15.1","85","11","24","23","0","26","0","4","9","0","17","10745"
"Jesse Hahn","Royals","0","1","13.50","6","0","0","0","0","0","0","4.2","27","7","7","7","1","6","1","0","0","0","7","13287"
"Dan Jennings","Nationals","1","2","13.50","8","0","0","0","0","0","2","4.2","32","8","8","7","1","7","2","1","1","0","9","8073"
"Dan Straily","Orioles","1","0","13.81","6","0","0","0","0","0","0","14.1","76","26","22","22","10","7","0","1","2","0","15","9460"
"Ty Blach","Giants","0","0","14.21","2","0","0","0","0","0","0","6.1","36","14","10","10","2","4","0","0","0","0","3","14361"
"Jake Barrett","Yankees","0","0","14.73","2","0","0","0","0","0","0","3.2","19","6","6","6","2","2","0","0","0","0","4","13322"
"Alex Reyes","Cardinals","0","1","15.00","4","0","0","0","0","2","0","3.0","17","2","5","5","1","6","0","0","1","0","1","15015"
"Aaron Barrett","Nationals","0","0","15.43","3","0","0","0","0","0","0","2.1","16","5","4","4","1","4","0","0","1","0","1","11243"
"Ricardo Pinto","Rays","0","0","15.43","2","0","0","0","0","0","0","2.1","13","4","4","4","1","2","0","0","0","0","0","16318"
"Matt Wotherspoon","Orioles","0","0","15.43","2","0","0","0","0","0","0","4.2","26","10","8","8","2","2","0","1","0","0","2","16452"
"Brady Rodgers","Astros","0","0","16.20","3","0","0","0","0","0","0","5.0","25","7","9","9","4","3","0","0","1","0","4","13393"
"Pat Venditte","Giants","0","0","16.20","2","0","0","0","0","0","0","3.1","19","4","6","6","1","2","0","3","0","0","2","7108"
"Ryan Feierabend","Blue Jays","0","0","16.20","1","0","0","0","0","0","0","1.2","9","4","3","3","1","0","0","0","0","0","2","6336"
"Jose Fernandez","Tigers","0","0","17.18","4","0","0","0","0","0","0","3.2","23","6","8","7","1","5","1","1","0","0","2","14733"
"Mark Reynolds","Rockies","0","0","18.00","1","0","0","0","0","0","0","1.0","7","2","2","2","0","1","0","1","0","0","0","7619"
"Daniel Descalso","Cubs","0","0","18.00","1","0","0","0","0","0","0","1.0","5","2","2","2","1","0","0","0","0","0","0","8392"
"Brian Dozier","Nationals","0","0","18.00","1","0","0","0","0","0","0","1.0","5","2","2","2","1","0","0","0","0","0","0","9810"
"Hanser Alberto","Orioles","0","0","18.00","1","0","0","0","0","0","0","1.0","7","1","2","2","1","2","0","1","0","0","0","11902"
"Huascar Ynoa","Braves","0","0","18.00","2","0","0","0","0","0","0","3.0","16","6","6","6","1","1","0","0","0","0","3","20468"
"Alex Gordon","Royals","0","0","19.29","2","0","0","0","0","0","0","2.1","17","8","5","5","1","2","0","0","0","0","0","5209"
"Chris Owings","Royals","0","0","21.60","1","0","0","0","0","0","0","1.2","12","6","4","4","2","1","0","0","0","0","0","10030"
"Tyler White","Astros","0","0","21.60","4","0","0","0","0","0","0","3.1","22","7","8","8","4","5","0","0","0","0","2","15564"
"Mike Ford","Yankees","0","0","22.50","1","0","0","0","0","0","0","2.0","12","6","5","5","2","0","0","0","0","0","1","15585"
"Griffin Canning","Angels","0","1","22.50","1","0","0","0","0","0","0","2.0","12","5","5","5","1","1","0","0","0","0","2","19867"
"Austin Romine","Yankees","0","0","27.00","1","0","0","0","0","0","0","1.0","7","4","3","3","2","0","0","0","0","0","0","5491"
"Ehire Adrianza","Twins","0","0","27.00","1","0","0","0","0","0","0","1.0","8","5","3","3","0","0","0","0","0","0","1","8418"
"John Ryan Murphy","Diamondbacks","0","0","27.00","2","0","0","0","0","0","0","3.0","22","10","9","9","3","3","0","0","0","0","0","10346"
"Ben Lively","Royals","0","0","27.00","1","0","0","0","0","0","0","1.0","6","3","3","3","1","0","0","0","0","0","1","14932"
"Andrew Vasquez","Twins","0","0","27.00","1","0","0","0","0","0","0","0.0","3","0","3","3","0","2","0","1","0","0","0","19482"
"Nick Rumbelow","Mariners","0","0","27.00","3","0","0","0","1","0","0","1.1","9","3","4","4","2","1","0","0","1","0","2","14867"
"Pedro Araujo","Orioles","0","0","27.00","1","0","0","0","0","0","0","0.2","4","2","2","2","1","1","0","0","0","0","0","17697"
"Yennsy Diaz","Blue Jays","0","0","27.00","1","0","0","0","0","0","0","0.2","7","1","2","2","0","4","0","0","0","0","0","20218"
"Jason Vargas","Mets","0","0","36.00","1","0","0","0","0","0","0","1.0","7","4","4","4","1","0","0","0","0","0","1","8044"
"Chase De Jong","Twins","0","0","36.00","1","0","0","0","0","0","0","1.0","9","3","4","4","1","3","0","0","0","0","0","15036"
"Richard Urena","Blue Jays","0","0","36.00","1","0","0","0","0","0","0","1.0","8","4","4","4","1","1","0","0","0","0","0","16411"
"Dylan Moore","Mariners","0","0","36.00","1","0","0","0","0","0","0","1.0","10","5","4","4","0","2","0","0","0","0","0","18042"
"Chris Rusin","Rockies","0","0","36.00","2","0","0","0","0","0","0","1.0","9","5","4","4","1","1","0","0","0","0","0","9895"
"Gerardo Parra","Nationals","0","0","45.00","1","0","0","0","0","0","0","0.0","5","1","5","5","0","4","0","0","1","0","0","8553"
"Deolis Guerra","Brewers","0","0","54.00","1","0","0","0","0","0","0","0.2","6","4","4","4","1","0","0","0","0","0","0","8410"
"James Bourque","Nationals","0","0","54.00","1","0","0","0","0","0","0","0.2","6","3","4","4","0","2","0","0","0","0","0","16668"
"Austen Williams","Nationals","0","0","162.00","2","0","0","0","0","0","0","0.1","7","5","6","6","2","1","0","0","0","0","1","16309"
